{
  "debugFiles|debugSetting.structures.stack": false,
  "debugFiles|debugSetting.structures.stack@ModuleFontStyle": "Bold|Underline",
  "debugFiles|debugSetting.structures.stack@FunctionFontStyle": "Bold|Underline",
  "debugFiles|debugSetting.structures.stack@MessageFontStyle": "Underline",
  "debugFiles|debugSetting.structures.stack@DataFontStyle": "Bold",
  "debugFiles|debugSetting.structures.stack@ModuleFontColor": "Yellow",
  "debugFiles|debugSetting.structures.stack@FunctionFontColor": "White",
  "debugFiles|debugSetting.structures.stack@MessageFontColor": "Yellow",
  "debugFiles|debugSetting.structures.stack@DataFontColor": "White",
  "debugFiles|debugSetting.structures.stack@ModuleFontBackgroundColor": "White",
  "debugFiles|debugSetting.structures.stack@FunctionFontBackgroundColor": "Black",
  "debugFiles|debugSetting.structures.stack@MessageFontBackgroundColor": "White",
  "debugFiles|debugSetting.structures.stack@DataFontBackgroundColor": "Black",
  "debugFunctions|debugSetting.structures.stack.initStack": false,
  "debugFunctions|debugSetting.structures.stack.initStack@ModuleFontStyle": "Default",
  "debugFunctions|debugSetting.structures.stack.initStack@FunctionFontStyle": "Default",
  "debugFunctions|debugSetting.structures.stack.initStack@MessageFontStyle": "Default",
  "debugFunctions|debugSetting.structures.stack.initStack@DataFontStyle": "Default",
  "debugFunctions|debugSetting.structures.stack.initStack@ModuleFontColor": "Default",
  "debugFunctions|debugSetting.structures.stack.initStack@FunctionFontColor": "Default",
  "debugFunctions|debugSetting.structures.stack.initStack@MessageFontColor": "Default",
  "debugFunctions|debugSetting.structures.stack.initStack@DataFontColor": "Default",
  "debugFunctions|debugSetting.structures.stack.initStack@ModuleFontBackgroundColor": "Default",
  "debugFunctions|debugSetting.structures.stack.initStack@FunctionFontBackgroundColor": "Default",
  "debugFunctions|debugSetting.structures.stack.initStack@MessageFontBackgroundColor": "Default",
  "debugFunctions|debugSetting.structures.stack.initStack@DataFontBackgroundColor": "Default",
  "debugFunctions|debugSetting.structures.stack.clearStack": false,
  "debugFunctions|debugSetting.structures.stack.clearStack@ModuleFontStyle": "Default",
  "debugFunctions|debugSetting.structures.stack.clearStack@FunctionFontStyle": "Default",
  "debugFunctions|debugSetting.structures.stack.clearStack@MessageFontStyle": "Default",
  "debugFunctions|debugSetting.structures.stack.clearStack@DataFontStyle": "Default",
  "debugFunctions|debugSetting.structures.stack.clearStack@ModuleFontColor": "Default",
  "debugFunctions|debugSetting.structures.stack.clearStack@FunctionFontColor": "Default",
  "debugFunctions|debugSetting.structures.stack.clearStack@MessageFontColor": "Default",
  "debugFunctions|debugSetting.structures.stack.clearStack@DataFontColor": "Default",
  "debugFunctions|debugSetting.structures.stack.clearStack@ModuleFontBackgroundColor": "Default",
  "debugFunctions|debugSetting.structures.stack.clearStack@FunctionFontBackgroundColor": "Default",
  "debugFunctions|debugSetting.structures.stack.clearStack@MessageFontBackgroundColor": "Default",
  "debugFunctions|debugSetting.structures.stack.clearStack@DataFontBackgroundColor": "Default",
  "debugFunctions|debugSetting.structures.stack.push": false,
  "debugFunctions|debugSetting.structures.stack.push@ModuleFontStyle": "Default",
  "debugFunctions|debugSetting.structures.stack.push@FunctionFontStyle": "Default",
  "debugFunctions|debugSetting.structures.stack.push@MessageFontStyle": "Default",
  "debugFunctions|debugSetting.structures.stack.push@DataFontStyle": "Default",
  "debugFunctions|debugSetting.structures.stack.push@ModuleFontColor": "Default",
  "debugFunctions|debugSetting.structures.stack.push@FunctionFontColor": "Default",
  "debugFunctions|debugSetting.structures.stack.push@MessageFontColor": "Default",
  "debugFunctions|debugSetting.structures.stack.push@DataFontColor": "Default",
  "debugFunctions|debugSetting.structures.stack.push@ModuleFontBackgroundColor": "Default",
  "debugFunctions|debugSetting.structures.stack.push@FunctionFontBackgroundColor": "Default",
  "debugFunctions|debugSetting.structures.stack.push@MessageFontBackgroundColor": "Default",
  "debugFunctions|debugSetting.structures.stack.push@DataFontBackgroundColor": "Default",
  "debugFunctions|debugSetting.structures.stack.pop": false,
  "debugFunctions|debugSetting.structures.stack.pop@ModuleFontStyle": "Default",
  "debugFunctions|debugSetting.structures.stack.pop@FunctionFontStyle": "Default",
  "debugFunctions|debugSetting.structures.stack.pop@MessageFontStyle": "Default",
  "debugFunctions|debugSetting.structures.stack.pop@DataFontStyle": "Default",
  "debugFunctions|debugSetting.structures.stack.pop@ModuleFontColor": "Default",
  "debugFunctions|debugSetting.structures.stack.pop@FunctionFontColor": "Default",
  "debugFunctions|debugSetting.structures.stack.pop@MessageFontColor": "Default",
  "debugFunctions|debugSetting.structures.stack.pop@DataFontColor": "Default",
  "debugFunctions|debugSetting.structures.stack.pop@ModuleFontBackgroundColor": "Default",
  "debugFunctions|debugSetting.structures.stack.pop@FunctionFontBackgroundColor": "Default",
  "debugFunctions|debugSetting.structures.stack.pop@MessageFontBackgroundColor": "Default",
  "debugFunctions|debugSetting.structures.stack.pop@DataFontBackgroundColor": "Default",
  "debugFunctions|debugSetting.structures.stack.isEmpty": false,
  "debugFunctions|debugSetting.structures.stack.isEmpty@ModuleFontStyle": "Default",
  "debugFunctions|debugSetting.structures.stack.isEmpty@FunctionFontStyle": "Default",
  "debugFunctions|debugSetting.structures.stack.isEmpty@MessageFontStyle": "Default",
  "debugFunctions|debugSetting.structures.stack.isEmpty@DataFontStyle": "Default",
  "debugFunctions|debugSetting.structures.stack.isEmpty@ModuleFontColor": "Default",
  "debugFunctions|debugSetting.structures.stack.isEmpty@FunctionFontColor": "Default",
  "debugFunctions|debugSetting.structures.stack.isEmpty@MessageFontColor": "Default",
  "debugFunctions|debugSetting.structures.stack.isEmpty@DataFontColor": "Default",
  "debugFunctions|debugSetting.structures.stack.isEmpty@ModuleFontBackgroundColor": "Default",
  "debugFunctions|debugSetting.structures.stack.isEmpty@FunctionFontBackgroundColor": "Default",
  "debugFunctions|debugSetting.structures.stack.isEmpty@MessageFontBackgroundColor": "Default",
  "debugFunctions|debugSetting.structures.stack.isEmpty@DataFontBackgroundColor": "Default",
  "debugFunctions|debugSetting.structures.stack.length": false,
  "debugFunctions|debugSetting.structures.stack.length@ModuleFontStyle": "Default",
  "debugFunctions|debugSetting.structures.stack.length@FunctionFontStyle": "Default",
  "debugFunctions|debugSetting.structures.stack.length@MessageFontStyle": "Default",
  "debugFunctions|debugSetting.structures.stack.length@DataFontStyle": "Default",
  "debugFunctions|debugSetting.structures.stack.length@ModuleFontColor": "Default",
  "debugFunctions|debugSetting.structures.stack.length@FunctionFontColor": "Default",
  "debugFunctions|debugSetting.structures.stack.length@MessageFontColor": "Default",
  "debugFunctions|debugSetting.structures.stack.length@DataFontColor": "Default",
  "debugFunctions|debugSetting.structures.stack.length@ModuleFontBackgroundColor": "Default",
  "debugFunctions|debugSetting.structures.stack.length@FunctionFontBackgroundColor": "Default",
  "debugFunctions|debugSetting.structures.stack.length@MessageFontBackgroundColor": "Default",
  "debugFunctions|debugSetting.structures.stack.length@DataFontBackgroundColor": "Default",
  "debugFunctions|debugSetting.structures.stack.contains": false,
  "debugFunctions|debugSetting.structures.stack.contains@ModuleFontStyle": "Default",
  "debugFunctions|debugSetting.structures.stack.contains@FunctionFontStyle": "Default",
  "debugFunctions|debugSetting.structures.stack.contains@MessageFontStyle": "Default",
  "debugFunctions|debugSetting.structures.stack.contains@DataFontStyle": "Default",
  "debugFunctions|debugSetting.structures.stack.contains@ModuleFontColor": "Default",
  "debugFunctions|debugSetting.structures.stack.contains@FunctionFontColor": "Default",
  "debugFunctions|debugSetting.structures.stack.contains@MessageFontColor": "Default",
  "debugFunctions|debugSetting.structures.stack.contains@DataFontColor": "Default",
  "debugFunctions|debugSetting.structures.stack.contains@ModuleFontBackgroundColor": "Default",
  "debugFunctions|debugSetting.structures.stack.contains@FunctionFontBackgroundColor": "Default",
  "debugFunctions|debugSetting.structures.stack.contains@MessageFontBackgroundColor": "Default",
  "debugFunctions|debugSetting.structures.stack.contains@DataFontBackgroundColor": "Default",
  "debugFunctions|debugSetting.structures.stack.print": false,
  "debugFunctions|debugSetting.structures.stack.print@ModuleFontStyle": "Default",
  "debugFunctions|debugSetting.structures.stack.print@FunctionFontStyle": "Default",
  "debugFunctions|debugSetting.structures.stack.print@MessageFontStyle": "Default",
  "debugFunctions|debugSetting.structures.stack.print@DataFontStyle": "Default",
  "debugFunctions|debugSetting.structures.stack.print@ModuleFontColor": "Default",
  "debugFunctions|debugSetting.structures.stack.print@FunctionFontColor": "Default",
  "debugFunctions|debugSetting.structures.stack.print@MessageFontColor": "Default",
  "debugFunctions|debugSetting.structures.stack.print@DataFontColor": "Default",
  "debugFunctions|debugSetting.structures.stack.print@ModuleFontBackgroundColor": "Default",
  "debugFunctions|debugSetting.structures.stack.print@FunctionFontBackgroundColor": "Default",
  "debugFunctions|debugSetting.structures.stack.print@MessageFontBackgroundColor": "Default",
  "debugFunctions|debugSetting.structures.stack.print@DataFontBackgroundColor": "Default"
}
