<?xml version="1.0" encoding="UTF-8"?><CommandsAliases>
  <Command Name="echoCommand" Aliases="echo,ECMD,EcoCmd,EchoCmd,EchoCommand" Description="Echos back whatever is input to the command."/>
  <Command Name="exit" Aliases="X,Q,Ex,Qt,Exit,Quit" Description="Exit the application completely."/>
  <Command Name="version" Aliases="V,Ver,Vers,Versn,Version" Description="Displays the current version of the application."/>
  <Command Name="about" Aliases="A,Abt,Abut,Abot,About" Description="Displays the about message for the current application."/>
  <Command Name="name" Aliases="N,Nam,Name" Description="Displays a message with the name of the current application."/>
  <Command Name="clearScreen" Aliases="cls,ClearS,ClearScr,ClearScrn,ClearScren,ClearScreen,ClerS,ClerScr,ClerScrn,ClerScren,ClerScreen,ClrS,ClrScr,ClrScrn,ClrScren,ClrScreen,CScr,CScrn,CScren" Description="Clears the screen of any extra data by pushing lots of empty strings past the cache of the console system."/>
  <Command Name="help" Aliases="H,?,Hlp,Help" Description="Displays all of the commands names and descriptions."/>
  <Command Name="workflowHelp" Aliases="WorkFlowH,WorkFlowHlp,WorkFlow?,WorkFlowHelp,WorkFloH,WorkFloHlp,WorkFlo?,WorkFloHelp,WorkFlH,WorkFlHlp,WorkFl?,WorkFlHelp,WorkFH,WorkFHlp,WorkF?,WorkFHelp,WrkFlowH,WrkFlowHlp,WrkFlow?,WrkFlowHelp,WrkFloH,WrkFloHlp,WrkFlo?,WrkFloHelp,WrkFlH,WrkFlHlp,WrkFl?,WrkFlHelp,WrkFH,WrkFHlp,WrkF?,WrkFHelp,WFlowH,WFlowHlp,WFlow?,WFlowHelp,WFloH,WFloHlp,WFlo?,WFloHelp,WFlH,WFlHlp,WFl?,WFlHelp,WFH,WFHlp,WF?" Description="Displays all the workflows, names and values."/>
  <Command Name="commandSequencer" Aliases="CommandS,CommandSeq,CommandSequencer,CmdS,CmdSeq,CmdSequencer,CSeq" Description="Takes a sequence of commands/aliases and enqueues all to the command queue."/>
  <Command Name="workflow" Aliases="WorkF,WorkFl,WorkFlo,WorkFlow,WrkF,WrkFl,WrkFlo,WrkFlow,WF,WFl,WFlo" Description="Loads the specified workflow, calls the command sequencer to get each commands enqueued."/>
  <Command Name="printDataHive" Aliases="PrintDataH,PrintDataHiv,PrintDataHive,PrintDatH,PrintDatHiv,PrintDatHive,PrintDH,PrintDHiv,PrintDHive,PrntDataH,PrntDataHiv,PrntDataHive,PrntDatH,PrntDatHiv,PrntDatHive,PrntDH,PrntDHiv,PrntDHive,PrtDataH,PrtDataHiv,PrtDataHive,PrtDatH,PrtDatHiv,PrtDatHive,PrtDH,PrtDHiv,PrtDHive,PrDataH,PrDataHiv,PrDataHive,PrDatH,PrDatHiv,PrDatHive,PrDH,PrDHiv,PrDHive,PDataH,PDataHiv,PDataHive,PDatH,PDatHiv,PDatHive,PDH,PDHiv" Description="Prints the specified data hive (CommandWorkflows, CommandsAliases, Colors, Configuration, or root) in the D-data structure."/>
  <Command Name="printDataHiveAttributes" Aliases="PrintDataHiveA,PrintDataHiveAtt,PrintDataHiveAttr,PrintDataHiveAttrib,PrintDataHiveAttribs,PrintDataHiveAttributes,PrintDataHivA,PrintDataHivAtt,PrintDataHivAttr,PrintDataHivAttrib,PrintDataHivAttribs,PrintDataHivAttributes,PrintDataHA,PrintDataHAtt,PrintDataHAttr,PrintDataHAttrib,PrintDataHAttribs,PrintDataHAttributes,PrintDatHiveA,PrintDatHiveAtt,PrintDatHiveAttr,PrintDatHiveAttrib,PrintDatHiveAttribs,PrintDatHiveAttributes,PrintDatHivA,PrintDatHivAtt,PrintDatHivAttr,PrintDatHivAttrib,PrintDatHivAttribs,PrintDatHivAttributes,PrintDatHA,PrintDatHAtt,PrintDatHAttr,PrintDatHAttrib,PrintDatHAttribs,PrintDatHAttributes,PrintDHiveA,PrintDHiveAtt,PrintDHiveAttr,PrintDHiveAttrib,PrintDHiveAttribs,PrintDHiveAttributes,PrintDHivA,PrintDHivAtt,PrintDHivAttr,PrintDHivAttrib,PrintDHivAttribs,PrintDHivAttributes,PrintDHA,PrintDHAtt,PrintDHAttr,PrintDHAttrib,PrintDHAttribs,PrintDHAttributes,PrntDataHiveA,PrntDataHiveAtt,PrntDataHiveAttr,PrntDataHiveAttrib,PrntDataHiveAttribs,PrntDataHiveAttributes,PrntDataHivA,PrntDataHivAtt,PrntDataHivAttr,PrntDataHivAttrib,PrntDataHivAttribs,PrntDataHivAttributes,PrntDataHA,PrntDataHAtt,PrntDataHAttr,PrntDataHAttrib,PrntDataHAttribs,PrntDataHAttributes,PrntDatHiveA,PrntDatHiveAtt,PrntDatHiveAttr,PrntDatHiveAttrib,PrntDatHiveAttribs,PrntDatHiveAttributes,PrntDatHivA,PrntDatHivAtt,PrntDatHivAttr,PrntDatHivAttrib,PrntDatHivAttribs,PrntDatHivAttributes,PrntDatHA,PrntDatHAtt,PrntDatHAttr,PrntDatHAttrib,PrntDatHAttribs,PrntDatHAttributes,PrntDHiveA,PrntDHiveAtt,PrntDHiveAttr,PrntDHiveAttrib,PrntDHiveAttribs,PrntDHiveAttributes,PrntDHivA,PrntDHivAtt,PrntDHivAttr,PrntDHivAttrib,PrntDHivAttribs,PrntDHivAttributes,PrntDHA,PrntDHAtt,PrntDHAttr,PrntDHAttrib,PrntDHAttribs,PrntDHAttributes,PrtDataHiveA,PrtDataHiveAtt,PrtDataHiveAttr,PrtDataHiveAttrib,PrtDataHiveAttribs,PrtDataHiveAttributes,PrtDataHivA,PrtDataHivAtt,PrtDataHivAttr,PrtDataHivAttrib,PrtDataHivAttribs,PrtDataHivAttributes,PrtDataHA,PrtDataHAtt,PrtDataHAttr,PrtDataHAttrib,PrtDataHAttribs,PrtDataHAttributes,PrtDatHiveA,PrtDatHiveAtt,PrtDatHiveAttr,PrtDatHiveAttrib,PrtDatHiveAttribs,PrtDatHiveAttributes,PrtDatHivA,PrtDatHivAtt,PrtDatHivAttr,PrtDatHivAttrib,PrtDatHivAttribs,PrtDatHivAttributes,PrtDatHA,PrtDatHAtt,PrtDatHAttr,PrtDatHAttrib,PrtDatHAttribs,PrtDatHAttributes,PrtDHiveA,PrtDHiveAtt,PrtDHiveAttr,PrtDHiveAttrib,PrtDHiveAttribs,PrtDHiveAttributes,PrtDHivA,PrtDHivAtt,PrtDHivAttr,PrtDHivAttrib,PrtDHivAttribs,PrtDHivAttributes,PrtDHA,PrtDHAtt,PrtDHAttr,PrtDHAttrib,PrtDHAttribs,PrtDHAttributes,PDataHiveA,PDataHiveAtt,PDataHiveAttr,PDataHiveAttrib,PDataHiveAttribs,PDataHiveAttributes,PDataHivA,PDataHivAtt,PDataHivAttr,PDataHivAttrib,PDataHivAttribs,PDataHivAttributes,PDataHA,PDataHAtt,PDataHAttr,PDataHAttrib,PDataHAttribs,PDataHAttributes,PDatHiveA,PDatHiveAtt,PDatHiveAttr,PDatHiveAttrib,PDatHiveAttribs,PDatHiveAttributes,PDatHivA,PDatHivAtt,PDatHivAttr,PDatHivAttrib,PDatHivAttribs,PDatHivAttributes,PDatHA,PDatHAtt,PDatHAttr,PDatHAttrib,PDatHAttribs,PDatHAttributes,PDHiveA,PDHiveAtt,PDHiveAttr,PDHiveAttrib,PDHiveAttribs,PDHiveAttributes,PDHivA,PDHivAtt,PDHivAttr,PDHivAttrib,PDHivAttribs,PDHivAttributes,PDHA,PDHAtt,PDHAttr,PDHAttrib,PDHAttribs" Description="Prints out all the specified attributes contained in a data set in the application data structure."/>
  <Command Name="clearDataStorage" Aliases="ClearDataS,ClearDataStor,ClearDataStrg,ClearDataStorage,ClearDatS,ClearDatStor,ClearDatStrg,ClearDatStorage,ClearDS,ClearDStor,ClearDStrg,ClearDStorage,ClrDataS,ClrDataStor,ClrDataStrg,ClrDataStorage,ClrDatS,ClrDatStor,ClrDatStrg,ClrDatStorage,ClrDS,ClrDStor,ClrDStrg,ClrDStorage,CDataS,CDataStor,CDataStrg,CDataStorage,CDatS,CDatStor,CDatStrg,CDatStorage,CDS,CDStor,CDStrg" Description="Clears a sub-data hive or the entire Data Storage hive in the D-data structure."/>
  <Command Name="businessRule" Aliases="BusinessR,BusinessRul,BusinessRule,BusR,BusRul,BusRule,BizR,BizRul,BizRule,BR,BRul" Description="Executes a user specified business rule and prints the results."/>
  <Command Name="commandGenerator" Aliases="CommandG,CommandGen,CommandGenrtr,CommandGenerator,ComdG,ComdGen,ComdGenrtr,ComdGenerator,CmdG,CmdGen,CmdGenrtr,CmdGenerator" Description="Generates and enqueues any number of command calls based on user input."/>
  <Command Name="commandAliasGenerator" Aliases="CommandAliasG,CommandAliasGen,CommandAliasGenrtr,CommandAliasGenerator,CommandAlisG,CommandAlisGen,CommandAlisGenrtr,CommandAlisGenerator,CommandAlsG,CommandAlsGen,CommandAlsGenrtr,CommandAlsGenerator,CommandAlG,CommandAlGen,CommandAlGenrtr,CommandAlGenerator,CommandAG,CommandAGen,CommandAGenrtr,CommandAGenerator,ComdAliasG,ComdAliasGen,ComdAliasGenrtr,ComdAliasGenerator,ComdAlisG,ComdAlisGen,ComdAlisGenrtr,ComdAlisGenerator,ComdAlsG,ComdAlsGen,ComdAlsGenrtr,ComdAlsGenerator,ComdAlG,ComdAlGen,ComdAlGenrtr,ComdAlGenerator,ComdAG,ComdAGen,ComdAGenrtr,ComdAGenerator,CmdAliasG,CmdAliasGen,CmdAliasGenrtr,CmdAliasGenerator,CmdAlisG,CmdAlisGen,CmdAlisGenrtr,CmdAlisGenerator,CmdAlsG,CmdAlsGen,CmdAlsGenrtr,CmdAlsGenerator,CmdAlG,CmdAlGen,CmdAlGenrtr,CmdAlGenerator,CmdAG,CmdAGen,CmdAGenrtr,CmdAGenerator,CAliasG,CAliasGen,CAliasGenrtr,CAliasGenerator,CAlisG,CAlisGen,CAlisGenrtr,CAlisGenerator,CAlsG,CAlsGen,CAlsGenrtr,CAlsGenerator,CAlG,CAlGen,CAlGenrtr,CAlGenerator,CAG,CAGen,CAGenrtr" Description="Generates command aliases given a command name and a list of word abbreviations."/>
  <Command Name="constantsGenerator" Aliases="ConstantsG,ConstantsGen,ConstantsGenrtr,ConstantsGenerator,ConstsG,ConstsGen,ConstsGenrtr,ConstsGenerator,ConstG,ConstGen,ConstGenrtr,ConstGenerator,ConG,ConGen,ConGenrtr,ConGenerator" Description="Determines the most optimized way to define a new constant in the constants system."/>
  <Command Name="constantsGeneratorList" Aliases="ConstantsGeneratorL,ConstantsGeneratorLst,ConstantsGeneratorList,ConstantsGenrtrL,ConstantsGenrtrLst,ConstantsGenrtrList,ConstantsGentrL,ConstantsGentrLst,ConstantsGentrList,ConstantsGenL,ConstantsGenLst,ConstantsGenList,ConstantsGL,ConstantsGLst,ConstantsGList,ConstsGeneratorL,ConstsGeneratorLst,ConstsGeneratorList,ConstsGenrtrL,ConstsGenrtrLst,ConstsGenrtrList,ConstsGentrL,ConstsGentrLst,ConstsGentrList,ConstsGenL,ConstsGenLst,ConstsGenList,ConstsGL,ConstsGLst,ConstsGList,ConstGeneratorL,ConstGeneratorLst,ConstGeneratorList,ConstGenrtrL,ConstGenrtrLst,ConstGenrtrList,ConstGentrL,ConstGentrLst,ConstGentrList,ConstGenL,ConstGenLst,ConstGenList,ConstGL,ConstGLst,ConstGList,CGeneratorL,CGeneratorLst,CGeneratorList,CGenrtrL,CGenrtrLst,CGenrtrList,CGentrL,CGentrLst,CGentrList,CGenL,CGenLst,CGenList,CGL,CGLst" Description="Generates optimized constants from an input list of strings."/>
  <Command Name="constantsPatternRecognizer" Aliases="ConstantsPatternR,ConstantsPatternRecon,ConstantsPatternRecog,ConstantsPatternReconzr,ConstantsPatternRecogzr,ConstantsPatternRecognizer,ConstantsPatrnR,ConstantsPatrnRecon,ConstantsPatrnRecog,ConstantsPatrnReconzr,ConstantsPatrnRecogzr,ConstantsPatrnRecognizer,ConstantsPatR,ConstantsPatRecon,ConstantsPatRecog,ConstantsPatReconzr,ConstantsPatRecogzr,ConstantsPatRecognizer,ConstantsPR,ConstantsPRecon,ConstantsPRecog,ConstantsPReconzr,ConstantsPRecogzr,ConstantsPRecognizer,ConstPatternR,ConstPatternRecon,ConstPatternRecog,ConstPatternReconzr,ConstPatternRecogzr,ConstPatternRecognizer,ConstPatrnR,ConstPatrnRecon,ConstPatrnRecog,ConstPatrnReconzr,ConstPatrnRecogzr,ConstPatrnRecognizer,ConstPatR,ConstPatRecon,ConstPatRecog,ConstPatReconzr,ConstPatRecogzr,ConstPatRecognizer,ConstPR,ConstPRecon,ConstPRecog,ConstPReconzr,ConstPRecogzr,ConstPRecognizer,CPatternR,CPatternRecon,CPatternRecog,CPatternReconzr,CPatternRecogzr,CPatternRecognizer,CPatrnR,CPatrnRecon,CPatrnRecog,CPatrnReconzr,CPatrnRecogzr,CPatrnRecognizer,CPatR,CPatRecon,CPatRecog,CPatReconzr,CPatRecogzr,CPatRecognizer,CPR,CPRecon,CPRecog,CPReconzr,CPRecogzr" Description="Finds common sub-string patterns in a coma separated list of strings."/>
  <Command Name="businessRulesMetrics" Aliases="BusinessRulesM,BusinessRulesMet,BusinessRulesMetr,BusinessRulesMets,BusinessRulesMetrics,BusinessRulM,BusinessRulMet,BusinessRulMetr,BusinessRulMets,BusinessRulMetrics,BusinessRM,BusinessRMet,BusinessRMetr,BusinessRMets,BusinessRMetrics,BusRulesM,BusRulesMet,BusRulesMetr,BusRulesMets,BusRulesMetrics,BusRulM,BusRulMet,BusRulMetr,BusRulMets,BusRulMetrics,BusRM,BusRMet,BusRMetr,BusRMets,BusRMetrics,BizRulesM,BizRulesMet,BizRulesMetr,BizRulesMets,BizRulesMetrics,BizRulM,BizRulMet,BizRulMetr,BizRulMets,BizRulMetrics,BizRM,BizRMet,BizRMetr,BizRMets,BizRMetrics,BRulesM,BRulesMet,BRulesMetr,BRulesMets,BRulesMetrics,BRulM,BRulMet,BRulMetr,BRulMets,BRulMetrics,BRM,BRMet,BRMetr,BRMets" Description="Computes statistics on business rule performance metrics and displays the results."/>
  <Command Name="commandMetrics" Aliases="CommandM,CommandMet,CommandMetr,CommandMets,CommandMetrics,CmdM,CmdMet,CmdMetr,CmdMets,CmdMetrics,CM,CMet,CMetr,CMets" Description="Computes statistics on command performance metrics and displays the results."/>
  <Command Name="saveConfiguration" Aliases="SaveC,SaveCfg,SaveConfg,SaveConfig,SaveConfiguration,SavC,SavCfg,SavConfg,SavConfig,SavConfiguration,SC,SCfg,SConfg,SConfig" Description="Saves all of the configuration data out to disk"/>
  <Command Name="convertColors" Aliases="ConvertC,ConvertClr,ConvertColr,ConvertColrs,ConvertColors,ConvrtC,ConvrtClr,ConvrtColr,ConvrtColrs,ConvrtColors,ConvrC,ConvrClr,ConvrColr,ConvrColrs,ConvrColors,ConvC,ConvClr,ConvColr,ConvColrs,ConvColors,ConC,ConClr,ConColr,ConColrs,ConColors,CC,CClr,CColr,CColrs" Description="Converts all the colors in the color library from hex values to RGB values."/>
  <Command Name="validateConstants" Aliases="ValidateC,ValidateConst,ValidateConsts,ValidateConstants,ValidC,ValidConst,ValidConsts,ValidConstants,ValdC,ValdConst,ValdConsts,ValdConstants,ValC,ValConst,ValConsts,ValConstants,VC,VConst,VConsts,ConstantsV,ConstantsVal,ConstantsValid,ConstantsValidate,ConstantsValidation,ConstV,ConstVal,ConstValid,ConstValidate,ConstValidation,ConV,ConVal,ConValid,ConValidate,ConValidation,CV,CVal,CValid,CValidate" Description="Validates all constants with a 2-phase verification process."/>
  <Command Name="validateCommandAliases" Aliases="ValidateCommandA,ValidateCommandAlis,ValidateCommandAls,ValidateCommandAl,ValidateCommandAliases,ValidateCmdA,ValidateCmdAlis,ValidateCmdAls,ValidateCmdAl,ValidateCmdAliases,ValidateCA,ValidateCAlis,ValidateCAls,ValidateCAl,ValidateCAliases,ValidCommandA,ValidCommandAlis,ValidCommandAls,ValidCommandAl,ValidCommandAliases,ValidCmdA,ValidCmdAlis,ValidCmdAls,ValidCmdAl,ValidCmdAliases,ValidCA,ValidCAlis,ValidCAls,ValidCAl,ValidCAliases,ValdCommandA,ValdCommandAlis,ValdCommandAls,ValdCommandAl,ValdCommandAliases,ValdCmdA,ValdCmdAlis,ValdCmdAls,ValdCmdAl,ValdCmdAliases,ValdCA,ValdCAlis,ValdCAls,ValdCAl,ValdCAliases,ValCommandA,ValCommandAlis,ValCommandAls,ValCommandAl,ValCommandAliases,ValCmdA,ValCmdAlis,ValCmdAls,ValCmdAl,ValCmdAliases,ValCA,ValCAlis,ValCAls,ValCAl,ValCAliases,VCommandA,VCommandAlis,VCommandAls,VCommandAl,VCommandAliases,VCmdA,VCmdAlis,VCmdAls,VCmdAl,VCmdAliases,VCA,VCAlis,VCAls,VCAl" Description="Validates all command aliases for duplicates."/>
</CommandsAliases>
