{
  "debugFiles|debugSetting.brokers.ruleBroker": false,
  "debugFiles|debugSetting.brokers.ruleBroker@ModuleFontStyle": "Bold|Underline",
  "debugFiles|debugSetting.brokers.ruleBroker@FunctionFontStyle": "Bold|Underline",
  "debugFiles|debugSetting.brokers.ruleBroker@MessageFontStyle": "Underline",
  "debugFiles|debugSetting.brokers.ruleBroker@DataFontStyle": "Bold",
  "debugFiles|debugSetting.brokers.ruleBroker@ModuleFontColor": "White",
  "debugFiles|debugSetting.brokers.ruleBroker@FunctionFontColor": "255,50,0",
  "debugFiles|debugSetting.brokers.ruleBroker@MessageFontColor": "White",
  "debugFiles|debugSetting.brokers.ruleBroker@DataFontColor": "255,50,0",
  "debugFiles|debugSetting.brokers.ruleBroker@ModuleFontBackgroundColor": "0,43,66",
  "debugFiles|debugSetting.brokers.ruleBroker@FunctionFontBackgroundColor": "Black",
  "debugFiles|debugSetting.brokers.ruleBroker@MessageFontBackgroundColor": "0,43,66",
  "debugFiles|debugSetting.brokers.ruleBroker@DataFontBackgroundColor": "Black",
  "debugFunctions|debugSetting.brokers.ruleBroker.addClientRules": false,
  "debugFunctions|debugSetting.brokers.ruleBroker.addClientRules@ModuleFontStyle": "Default",
  "debugFunctions|debugSetting.brokers.ruleBroker.addClientRules@FunctionFontStyle": "Default",
  "debugFunctions|debugSetting.brokers.ruleBroker.addClientRules@MessageFontStyle": "Default",
  "debugFunctions|debugSetting.brokers.ruleBroker.addClientRules@DataFontStyle": "Default",
  "debugFunctions|debugSetting.brokers.ruleBroker.addClientRules@ModuleFontColor": "Default",
  "debugFunctions|debugSetting.brokers.ruleBroker.addClientRules@FunctionFontColor": "Default",
  "debugFunctions|debugSetting.brokers.ruleBroker.addClientRules@MessageFontColor": "Default",
  "debugFunctions|debugSetting.brokers.ruleBroker.addClientRules@DataFontColor": "Default",
  "debugFunctions|debugSetting.brokers.ruleBroker.addClientRules@ModuleFontBackgroundColor": "Default",
  "debugFunctions|debugSetting.brokers.ruleBroker.addClientRules@FunctionFontBackgroundColor": "Default",
  "debugFunctions|debugSetting.brokers.ruleBroker.addClientRules@MessageFontBackgroundColor": "Default",
  "debugFunctions|debugSetting.brokers.ruleBroker.addClientRules@DataFontBackgroundColor": "Default"
}
