{
  "debugFiles|debugSetting.structures.queue": false,
  "debugFiles|debugSetting.structures.queue@ModuleFontStyle": "Bold|Underline",
  "debugFiles|debugSetting.structures.queue@FunctionFontStyle": "Bold|Underline",
  "debugFiles|debugSetting.structures.queue@MessageFontStyle": "Underline",
  "debugFiles|debugSetting.structures.queue@DataFontStyle": "Bold",
  "debugFiles|debugSetting.structures.queue@ModuleFontColor": "White",
  "debugFiles|debugSetting.structures.queue@FunctionFontColor": "0,183,235",
  "debugFiles|debugSetting.structures.queue@MessageFontColor": "White",
  "debugFiles|debugSetting.structures.queue@DataFontColor": "0,183,235",
  "debugFiles|debugSetting.structures.queue@ModuleFontBackgroundColor": "25,25,112",
  "debugFiles|debugSetting.structures.queue@FunctionFontBackgroundColor": "Black",
  "debugFiles|debugSetting.structures.queue@MessageFontBackgroundColor": "25,25,112",
  "debugFiles|debugSetting.structures.queue@DataFontBackgroundColor": "Black",
  "debugFunctions|debugSetting.structures.queue.initQueue": false,
  "debugFunctions|debugSetting.structures.queue.initQueue@ModuleFontStyle": "Default",
  "debugFunctions|debugSetting.structures.queue.initQueue@FunctionFontStyle": "Default",
  "debugFunctions|debugSetting.structures.queue.initQueue@MessageFontStyle": "Default",
  "debugFunctions|debugSetting.structures.queue.initQueue@DataFontStyle": "Default",
  "debugFunctions|debugSetting.structures.queue.initQueue@ModuleFontColor": "Default",
  "debugFunctions|debugSetting.structures.queue.initQueue@FunctionFontColor": "Default",
  "debugFunctions|debugSetting.structures.queue.initQueue@MessageFontColor": "Default",
  "debugFunctions|debugSetting.structures.queue.initQueue@DataFontColor": "Default",
  "debugFunctions|debugSetting.structures.queue.initQueue@ModuleFontBackgroundColor": "Default",
  "debugFunctions|debugSetting.structures.queue.initQueue@FunctionFontBackgroundColor": "Default",
  "debugFunctions|debugSetting.structures.queue.initQueue@MessageFontBackgroundColor": "Default",
  "debugFunctions|debugSetting.structures.queue.initQueue@DataFontBackgroundColor": "Default",
  "debugFunctions|debugSetting.structures.queue.dequeue": false,
  "debugFunctions|debugSetting.structures.queue.dequeue@ModuleFontStyle": "Default",
  "debugFunctions|debugSetting.structures.queue.dequeue@FunctionFontStyle": "Default",
  "debugFunctions|debugSetting.structures.queue.dequeue@MessageFontStyle": "Default",
  "debugFunctions|debugSetting.structures.queue.dequeue@DataFontStyle": "Default",
  "debugFunctions|debugSetting.structures.queue.dequeue@ModuleFontColor": "Default",
  "debugFunctions|debugSetting.structures.queue.dequeue@FunctionFontColor": "Default",
  "debugFunctions|debugSetting.structures.queue.dequeue@MessageFontColor": "Default",
  "debugFunctions|debugSetting.structures.queue.dequeue@DataFontColor": "Default",
  "debugFunctions|debugSetting.structures.queue.dequeue@ModuleFontBackgroundColor": "Default",
  "debugFunctions|debugSetting.structures.queue.dequeue@FunctionFontBackgroundColor": "Default",
  "debugFunctions|debugSetting.structures.queue.dequeue@MessageFontBackgroundColor": "Default",
  "debugFunctions|debugSetting.structures.queue.dequeue@DataFontBackgroundColor": "Default",
  "debugFunctions|debugSetting.structures.queue.enqueue": false,
  "debugFunctions|debugSetting.structures.queue.enqueue@ModuleFontStyle": "Default",
  "debugFunctions|debugSetting.structures.queue.enqueue@FunctionFontStyle": "Default",
  "debugFunctions|debugSetting.structures.queue.enqueue@MessageFontStyle": "Default",
  "debugFunctions|debugSetting.structures.queue.enqueue@DataFontStyle": "Default",
  "debugFunctions|debugSetting.structures.queue.enqueue@ModuleFontColor": "Default",
  "debugFunctions|debugSetting.structures.queue.enqueue@FunctionFontColor": "Default",
  "debugFunctions|debugSetting.structures.queue.enqueue@MessageFontColor": "Default",
  "debugFunctions|debugSetting.structures.queue.enqueue@DataFontColor": "Default",
  "debugFunctions|debugSetting.structures.queue.enqueue@ModuleFontBackgroundColor": "Default",
  "debugFunctions|debugSetting.structures.queue.enqueue@FunctionFontBackgroundColor": "Default",
  "debugFunctions|debugSetting.structures.queue.enqueue@MessageFontBackgroundColor": "Default",
  "debugFunctions|debugSetting.structures.queue.enqueue@DataFontBackgroundColor": "Default",
  "debugFunctions|debugSetting.structures.queue.isEmpty": false,
  "debugFunctions|debugSetting.structures.queue.isEmpty@ModuleFontStyle": "Default",
  "debugFunctions|debugSetting.structures.queue.isEmpty@FunctionFontStyle": "Default",
  "debugFunctions|debugSetting.structures.queue.isEmpty@MessageFontStyle": "Default",
  "debugFunctions|debugSetting.structures.queue.isEmpty@DataFontStyle": "Default",
  "debugFunctions|debugSetting.structures.queue.isEmpty@ModuleFontColor": "Default",
  "debugFunctions|debugSetting.structures.queue.isEmpty@FunctionFontColor": "Default",
  "debugFunctions|debugSetting.structures.queue.isEmpty@MessageFontColor": "Default",
  "debugFunctions|debugSetting.structures.queue.isEmpty@DataFontColor": "Default",
  "debugFunctions|debugSetting.structures.queue.isEmpty@ModuleFontBackgroundColor": "Default",
  "debugFunctions|debugSetting.structures.queue.isEmpty@FunctionFontBackgroundColor": "Default",
  "debugFunctions|debugSetting.structures.queue.isEmpty@MessageFontBackgroundColor": "Default",
  "debugFunctions|debugSetting.structures.queue.isEmpty@DataFontBackgroundColor": "Default",
  "debugFunctions|debugSetting.structures.queue.queueFront": false,
  "debugFunctions|debugSetting.structures.queue.queueFront@ModuleFontStyle": "Default",
  "debugFunctions|debugSetting.structures.queue.queueFront@FunctionFontStyle": "Default",
  "debugFunctions|debugSetting.structures.queue.queueFront@MessageFontStyle": "Default",
  "debugFunctions|debugSetting.structures.queue.queueFront@DataFontStyle": "Default",
  "debugFunctions|debugSetting.structures.queue.queueFront@ModuleFontColor": "Default",
  "debugFunctions|debugSetting.structures.queue.queueFront@FunctionFontColor": "Default",
  "debugFunctions|debugSetting.structures.queue.queueFront@MessageFontColor": "Default",
  "debugFunctions|debugSetting.structures.queue.queueFront@DataFontColor": "Default",
  "debugFunctions|debugSetting.structures.queue.queueFront@ModuleFontBackgroundColor": "Default",
  "debugFunctions|debugSetting.structures.queue.queueFront@FunctionFontBackgroundColor": "Default",
  "debugFunctions|debugSetting.structures.queue.queueFront@MessageFontBackgroundColor": "Default",
  "debugFunctions|debugSetting.structures.queue.queueFront@DataFontBackgroundColor": "Default",
  "debugFunctions|debugSetting.structures.queue.queueSize": false,
  "debugFunctions|debugSetting.structures.queue.queueSize@ModuleFontStyle": "Default",
  "debugFunctions|debugSetting.structures.queue.queueSize@FunctionFontStyle": "Default",
  "debugFunctions|debugSetting.structures.queue.queueSize@MessageFontStyle": "Default",
  "debugFunctions|debugSetting.structures.queue.queueSize@DataFontStyle": "Default",
  "debugFunctions|debugSetting.structures.queue.queueSize@ModuleFontColor": "Default",
  "debugFunctions|debugSetting.structures.queue.queueSize@FunctionFontColor": "Default",
  "debugFunctions|debugSetting.structures.queue.queueSize@MessageFontColor": "Default",
  "debugFunctions|debugSetting.structures.queue.queueSize@DataFontColor": "Default",
  "debugFunctions|debugSetting.structures.queue.queueSize@ModuleFontBackgroundColor": "Default",
  "debugFunctions|debugSetting.structures.queue.queueSize@FunctionFontBackgroundColor": "Default",
  "debugFunctions|debugSetting.structures.queue.queueSize@MessageFontBackgroundColor": "Default",
  "debugFunctions|debugSetting.structures.queue.queueSize@DataFontBackgroundColor": "Default"
}
