{
  "debugFiles|debugSetting.main": false,
  "debugFiles|debugSetting.main@ModuleFontStyle": "Bold|Underline",
  "debugFiles|debugSetting.main@FunctionFontStyle": "Bold|Underline",
  "debugFiles|debugSetting.main@MessageFontStyle": "Underline",
  "debugFiles|debugSetting.main@DataFontStyle": "Bold",
  "debugFiles|debugSetting.main@ModuleFontColor": "0,0,0",
  "debugFiles|debugSetting.main@FunctionFontColor": "0,0,0",
  "debugFiles|debugSetting.main@MessageFontColor": "0,0,0",
  "debugFiles|debugSetting.main@DataFontColor": "Yellow",
  "debugFiles|debugSetting.main@ModuleFontBackgroundColor": "255,255,255",
  "debugFiles|debugSetting.main@FunctionFontBackgroundColor": "255,255,255",
  "debugFiles|debugSetting.main@MessageFontBackgroundColor": "255,255,255",
  "debugFiles|debugSetting.main@DataFontBackgroundColor": "255,255,255",
  "debugFunctions|debugSetting.main.initFramework": false,
  "debugFunctions|debugSetting.main.initFramework@ModuleFontStyle": "Default",
  "debugFunctions|debugSetting.main.initFramework@FunctionFontStyle": "Default",
  "debugFunctions|debugSetting.main.initFramework@MessageFontStyle": "Default",
  "debugFunctions|debugSetting.main.initFramework@DataFontStyle": "Default",
  "debugFunctions|debugSetting.main.initFramework@ModuleFontColor": "Default",
  "debugFunctions|debugSetting.main.initFramework@FunctionFontColor": "Default",
  "debugFunctions|debugSetting.main.initFramework@MessageFontColor": "Default",
  "debugFunctions|debugSetting.main.initFramework@DataFontColor": "Default",
  "debugFunctions|debugSetting.main.initFramework@ModuleFontBackgroundColor": "Default",
  "debugFunctions|debugSetting.main.initFramework@FunctionFontBackgroundColor": "Default",
  "debugFunctions|debugSetting.main.initFramework@MessageFontBackgroundColor": "Default",
  "debugFunctions|debugSetting.main.initFramework@DataFontBackgroundColor": "Default"
}
