<?xml version="1.0" encoding="UTF-8"?><CommandWorkflows>
  <Workflow Name="startup" Value="commandSequencer name,application,true version about"/>
  <Workflow Name="details" Value="commandSequencer name,application version about"/>
  <Workflow Name="applicationDetails" Value="commandSequencer name,application version about"/>
  <Workflow Name="frameworkDetails" Value="commandSequencer name,framework,true version,framework about,framework"/>
  <Workflow Name="stringToBoolean" Value="cmdgen bizrul,stringToBoolean,T 4"/>
  <Workflow Name="stringToDataType" Value="cmdgen bizrul,stringToDataType,1 4"/>
  <Workflow Name="determineObjectDataType" Value="cmdgen bizrul,determineObjectDataType,something 4"/>
  <Workflow Name="isBoolean" Value="cmdgen bizrul,isBoolean,2 4"/>
  <Workflow Name="isInteger" Value="cmdgen bizrul,isInteger,2 4"/>
  <Workflow Name="isFloat" Value="cmdgen bizrul,isFloat,3.14159265358979 4"/>
  <Workflow Name="isString" Value="cmdgen bizrul,isString,2 4"/>
  <Workflow Name="singleQuoteSwapAfterEquals" Value="cmdgen bizrul,singleQuoteSwapAfterEquals,input[name='emailAddress'][class='username'] 4"/>
  <Workflow Name="swapForwardSlashToBackSlash" Value="cmdgen bizrul,swapForwardSlashToBackSlash,C:/ 4"/>
  <Workflow Name="swapBackSlashToForwardSlash" Value="cmdgen bizrul,swapBackSlashToForwardSlash,C:\ 4"/>
  <Workflow Name="swapDoubleForwardSlashToSingleForwardSlash" Value="cmdgen bizrul,swapDoubleForwardSlashToSingleForwardSlash,http:// 4"/>
  <Workflow Name="swapDoubleBackSlashToSingleBackSlash" Value="cmdgen bizrul,swapDoubleBackSlashToSingleBackSlash,http:\\ 4"/>
  <Workflow Name="getUserNameFromEmail" Value="cmdgen bizrul,getUserNameFromEmail,Iceversaka@hotmail.com 4"/>
  <Workflow Name="replaceSpacesWithPlus" Value="cmdgen bizRul,replaceSpacesWithPlus,`Hello My Name Is: Blaaa` 4"/>
  <Workflow Name="replaceColonWithUnderscore" Value="cmdgen bizRul,replaceColonWithUnderscore,Ok:So:Give_this_a:try 4"/>
  <Workflow Name="replaceCharacterWithCharacter" Value="cmdgen bizRul,replaceCharacterWithCharacter,What+is+the+answer+to+life+the+universe+and+everything,regEx:[+]:flags:g,= 4"/>
  <Workflow Name="cleanCarriageReturnFromString" Value="cmdgen bizRul,cleanCarriageReturnFromString,`This
    is
    a
    string
    with
    many
    newline
    characters.` 4"/>
  <Workflow Name="convertStringToLowerCase" Value="cmdgen bizRul,convertStringToLowerCase,GENERATERANDOMLOWERCASETEXTWITHSPECIALCHARACTERBYLENGTH123456!@#$%^ 4"/>
  <Workflow Name="convertStringToUpperCase" Value="cmdgen bizRul,convertStringToUpperCase,generaterandomlowercasetextwithspecialcharacterbylength123456!@#$%^ 4"/>
  <Workflow Name="getFileNameFromPath" Value="cmdgen bizRul,getFileNameFromPath,C:\NodeJS-App\src\Application\NodeJS-App\application.js 4"/>
  <Workflow Name="getFileExtension" Value="cmdgen bizRul,getFileExtension,C:\NodeJS-App\src\Application\NodeJS-App\application.js 4"/>
  <Workflow Name="removeDotFromFileExtension" Value="cmdgen bizRul,removeDotFromFileExtension,.exe 4"/>
  <Workflow Name="removeFileExtensionFromFileName" Value="cmdgen bizRul,removeFileExtensionFromFileName,application.js 4"/>
  <Workflow Name="aggregateNumericalDifferenceBetweenTwoStrings" Value="cmdgen bizRul,aggregateNumericalDifferenceBetweenTwoStrings,1234string,string432 4"/>
  <Workflow Name="convertCamelCaseStringToArray" Value="cmdgen bizRul,convertCamelCaseStringToArray,TheAnswerToLifeTheUniverseAndEverythingIs42 4"/>
  <Workflow Name="convertArrayToCamelCaseString" Value="cmdgen bizRul,convertArrayToCamelCaseString,[the|answer|to|life|the|universe|and|everything|is|42] 4"/>
  <Workflow Name="mapWordToCamelCaseWord" Value="cmdgen bizRul,mapWordToCamelCaseWord,supercalafragilisticexpealidoshious 4"/>
  <Workflow Name="simplifyAndConsolidateString" Value="cmdgen bizRul,simplifyAndConsolidateString,11UpberDriver321CodeClearance0x#0000FF-akaBlue 4"/>
  <Workflow Name="compareSimplifiedAndConsolidatedStrings" Value="cmdgen bizRul,compareSimplifiedAndConsolidatedStrings,string1,string1 4"/>
  <Workflow Name="doesArrayContainLowerCaseConsolidatedString" Value="cmdgen bizRul,doesArrayContainLowerCaseConsolidatedString,[the|answer|to|life|the|universe|and|everything|is|42],everything 4"/>
  <Workflow Name="doesArrayContainCharacter" Value="cmdgen bizRul,doesArrayContainCharacter,$,[the|answer|to|life|the|universe|and|everything|is|$42] 4"/>
  <Workflow Name="removeCharacterFromArray" Value="cmdgen bizRul,removeCharacterFromArray,$,[the|answer|to|life|the|universe|and|everything|is|$42] 4"/>
  <Workflow Name="ascertainMatchingFilenames" Value="cmdgen bizRul,ascertainMatchingFilenames,C:\haystacks\test\resources\configuration\configuration.json,C:\haystacks\src\executrix\lexical.js 4"/>
  <Workflow Name="doesArrayContainFilename" Value="cmdgen bizRul,doesArrayContainFilename,[20200603-142834-763_0.3.2_haystacks.zip|20200603-144529-749_0.3.3_haystacks.zip|20200604-133509-704_0.4.0_haystacks.zip|20200604-133546-749_0.4.1_haystacks.zip|20200604-160655-262_0.4.2_haystacks.zip|20200604-161819-191_0.4.3_haystacks.zip|20200604-173727-348_0.4.4_haystacks.zip|20200604-193551-258_0.5.0_haystacks.zip|20200604-193629-853_0.5.1_haystacks.zip|20200605-083055-193_0.5.2_haystacks.zip|20200610-170634-141_0.5.3_haystacks.zip|20200615-162658-576_0.5.4_haystacks.zip|20200617-150430-416_0.5.5_haystacks.zip|20200618-134424-575_0.5.6_haystacks.zip],20200604-193551-258_0.5.0_haystacks.zip 4"/>
  <Workflow Name="getDataCatagoryFromDataContextName" Value="cmdgen bizRul,getDataCatagoryFromDataContextName,Page_ProjectList 4"/>
  <Workflow Name="getDataCatagoryDetailNameFromDataContextName" Value="cmdgen bizRul,getDataCatagoryDetailNameFromDataContextName,Page_ProjectList 4"/>
  <Workflow Name="getKeywordNameFromDataContextName" Value="cmdgen bizRul,getKeywordNameFromDataContextName,Keywords_ProjectDetails_DeleteEntireProject 4"/>
  <Workflow Name="parseSystemRootPath" Value="cmdgen bizRul,parseSystemRootPath,C:\haystacks\src\commandsBlob\commands\,haystacks 4"/>
  <Workflow Name="replaceDoublePercentWithMessage" Value="cmdgen bizRul,replaceDoublePercentWithMessage,BEGIN-%%-function.,DUMMYstringParsingDUMMY.DUMMYreplaceDoublePercentWithMessageDUMMY 4"/>
  <Workflow Name="removeXnumberOfFoldersFromEndOfPath" Value="cmdgen bizRul,removeXnumberOfFoldersFromEndOfPath,C:\haystacks\src\commandsBlob\commands,2 4"/>
  <Workflow Name="getFirstTopLevelFolderFromPath" Value="cmdgen bizRul,getFirstTopLevelFolderFromPath,C:\haystacks\src\commandsBlob\commands\ 4"/>
  <Workflow Name="isOdd" Value="cmdgen bizRul,isOdd,8 4"/>
  <Workflow Name="isEven" Value="cmdgen bizRul,isEven,8 4"/>
  <Workflow Name="replaceCharacterAtIndex" Value="cmdgen bizRul,replaceCharacterAtIndex,aggregateNumericalDifferenceBetweenTwoStrings,[10|$] 4"/>
  <Workflow Name="stringParsing" Value="cmdSeq wrkflo,stringToBoolean wrkflo,stringToDataType wrkflo,determineObjectDataType wrkflo,isBoolean wrkflo,isInteger wrkflo,isFloat wrkflo,isString wrkflo,singleQuoteSwapAfterEquals wrkflo,swapForwardSlashToBackSlash wrkflo,swapBackSlashToForwardSlash wrkflo,swapDoubleForwardSlashToSingleForwardSlash wrkflo,swapDoubleBackSlashToSingleBackSlash wrkflo,getUserNameFromEmail wrkflo,replaceSpacesWithPlus wrkflo,replaceColonWithUnderscore wrkflo,replaceCharacterWithCharacter wrkflo,cleanCarriageReturnFromString wrkflo,convertStringToLowerCase wrkflo,convertStringToUpperCase wrkflo,getFileNameFromPath wrkflo,getFileExtension wrkflo,removeDotFromFileExtension wrkflo,removeFileExtensionFromFileName wrkflo,aggregateNumericalDifferenceBetweenTwoStrings wrkflo,convertCamelCaseStringToArray wrkflo,convertArrayToCamelCaseString wrkflo,mapWordToCamelCaseWord wrkflo,simplifyAndConsolidateString wrkflo,compareSimplifiedAndConsolidatedStrings wrkflo,doesArrayContainLowerCaseConsolidatedString wrkflo,doesArrayContainCharacter wrkflo,removeCharacterFromArray wrkflo,ascertainMatchingFilenames wrkflo,doesArrayContainFilename wrkflo,getDataCatagoryFromDataContextName wrkflo,getDataCatagoryDetailNameFromDataContextName wrkflo,getKeywordNameFromDataContextName wrkflo,parseSystemRootPath wrkflo,removeXnumberOfFoldersFromEndOfPath wrkflo,getFirstTopLevelFolderFromPath wrkflo,isOdd wrkflo,isEven wrkflo,replaceCharacterAtIndex"/>
  <Workflow Name="randomlyGenerateMixedCaseLetterOrSpecialCharacter" Value="cmdgen bizRul,randomlyGenerateMixedCaseLetterOrSpecialCharacter,!@#$%^*()_+=-<>?;: 10"/>
  <Workflow Name="randomlyGenerateUpperCaseLetterOrSpecialCharacter" Value="cmdgen bizRul,randomlyGenerateUpperCaseLetterOrSpecialCharacter,!@#$%^*()_+=-<>?;: 10"/>
  <Workflow Name="randomlyGenerateLowerCaseLetterOrSpecialCharacter" Value="cmdgen bizRul,randomlyGenerateLowerCaseLetterOrSpecialCharacter,!@#$%^*()_+=-<>?;: 10"/>
  <Workflow Name="randomlyGenerateEitherMixedCaseLetterOrNumberOrSpecialCharacter" Value="cmdgen bizRul,randomlyGenerateEitherMixedCaseLetterOrNumberOrSpecialCharacter,!@#$%^*()_+=-<>?;: 10"/>
  <Workflow Name="randomlyGenerateEitherUpperCaseLetterOrNumberOrSpecialCharacter" Value="cmdgen bizRul,randomlyGenerateEitherUpperCaseLetterOrNumberOrSpecialCharacter,!@#$%^*()_+=-<>?;: 10"/>
  <Workflow Name="randomlyGenerateEitherLowerCaseLetterOrNumberOrSpecialCharacter" Value="cmdgen bizRul,randomlyGenerateEitherLowerCaseLetterOrNumberOrSpecialCharacter,!@#$%^*()_+=-<>?;: 10"/>
  <Workflow Name="randomlyGenerateMixedCaseAlphaNumericCharacter" Value="cmdgen bizRul,randomlyGenerateMixedCaseAlphaNumericCharacter 10"/>
  <Workflow Name="randomlyGenerateUpperCaseAlphaNumericCharacter" Value="cmdgen bizRul,randomlyGenerateUpperCaseAlphaNumericCharacter 10"/>
  <Workflow Name="randomlyGenerateLowerCaseAlphaNumericCharacter" Value="cmdgen bizRul,randomlyGenerateLowerCaseAlphaNumericCharacter 10"/>
  <Workflow Name="randomlyGenerateNumericCharacter" Value="cmdgen bizRul,randomlyGenerateNumericCharacter 10"/>
  <Workflow Name="randomlyGenerateSpecialCharacter" Value="cmdgen bizRul,randomlyGenerateSpecialCharacter,!@#$%^*()_+=-<>?;: 10"/>
  <Workflow Name="randomlyGenerateNumberInRange" Value="cmdgen bizRul,randomlyGenerateNumberInRange,1,[6|True|True] 10"/>
  <Workflow Name="randomlyGenerateBooleanValue" Value="cmdgen bizRul,randomlyGenerateBooleanValue 10"/>
  <Workflow Name="randomlyGenerateMixedCaseAlphabeticCharacter" Value="cmdgen bizRul,randomlyGenerateMixedCaseAlphabeticCharacter 10"/>
  <Workflow Name="randomlyGenerateUpperCaseLetter" Value="cmdgen bizRul,randomlyGenerateUpperCaseLetter 10"/>
  <Workflow Name="randomlyGenerateLowerCaseLetter" Value="cmdgen bizRul,randomlyGenerateLowerCaseLetter 10"/>
  <Workflow Name="convertNumberToUpperCaseLetter" Value="cmdgen bizRul,convertNumberToUpperCaseLetter,11 10"/>
  <Workflow Name="convertNumberToLowerCaseLetter" Value="cmdgen bizRul,convertNumberToLowerCaseLetter,11 10"/>
  <Workflow Name="characterGeneration" Value="cmdSeq wrkflo,randomlyGenerateMixedCaseLetterOrSpecialCharacter wrkflo,randomlyGenerateUpperCaseLetterOrSpecialCharacter wrkflo,randomlyGenerateLowerCaseLetterOrSpecialCharacter wrkflo,randomlyGenerateEitherMixedCaseLetterOrNumberOrSpecialCharacter wrkflo,randomlyGenerateEitherUpperCaseLetterOrNumberOrSpecialCharacter wrkflo,randomlyGenerateEitherLowerCaseLetterOrNumberOrSpecialCharacter wrkflo,randomlyGenerateMixedCaseAlphaNumericCharacter wrkflo,randomlyGenerateUpperCaseAlphaNumericCharacter wrkflo,randomlyGenerateLowerCaseAlphaNumericCharacter wrkflo,randomlyGenerateNumericCharacter wrkflo,randomlyGenerateSpecialCharacter wrkflo,randomlyGenerateNumberInRange wrkflo,randomlyGenerateBooleanValue wrkflo,randomlyGenerateMixedCaseAlphabeticCharacter wrkflo,randomlyGenerateLowerCaseLetter wrkflo,randomlyGenerateUpperCaseLetter wrkflo,convertNumberToUpperCaseLetter wrkflo,convertNumberToLowerCaseLetter"/>
  <Workflow Name="generateRandomMixedCaseTextByLength" Value="cmdgen bizRul,generateRandomMixedCaseTextByLength,100 10"/>
  <Workflow Name="generateRandomUpperCaseTextByLength" Value="cmdgen bizRul,generateRandomUpperCaseTextByLength,100 10"/>
  <Workflow Name="generateRandomLowerCaseTextByLength" Value="cmdgen bizRul,generateRandomLowerCaseTextByLength,100 10"/>
  <Workflow Name="generateRandomMixedCaseTextWithSpecialCharactersByLength" Value="cmdgen bizRul,generateRandomMixedCaseTextWithSpecialCharactersByLength,100,!@#$%^*()_+=-<>?;: 10"/>
  <Workflow Name="generateRandomUpperCaseTextWithSpecialCharactersByLength" Value="cmdgen bizRul,generateRandomUpperCaseTextWithSpecialCharactersByLength,100,!@#$%^*()_+=-<>?;: 10"/>
  <Workflow Name="generateRandomLowerCaseTextWithSpecialCharactersByLength" Value="cmdgen bizRul,generateRandomLowerCaseTextWithSpecialCharactersByLength,100,!@#$%^*()_+=-<>?;: 10"/>
  <Workflow Name="generateRandomMixedCaseAlphaNumericCodeByLength" Value="cmdgen bizRul,generateRandomMixedCaseAlphaNumericCodeByLength,100 10"/>
  <Workflow Name="generateRandomUpperCaseAlphaNumericCodeByLength" Value="cmdgen bizRul,generateRandomUpperCaseAlphaNumericCodeByLength,100 10"/>
  <Workflow Name="generateRandomLowerCaseAlphaNumericCodeByLength" Value="cmdgen bizRul,generateRandomLowerCaseAlphaNumericCodeByLength,100 10"/>
  <Workflow Name="generateRandomNumericCodeByLength" Value="cmdgen bizRul,generateRandomNumericCodeByLength,100 10"/>
  <Workflow Name="generateRandomMixedCaseAlphaNumericCodeWithSpecialCharactersByLength" Value="cmdgen bizRul,generateRandomMixedCaseAlphaNumericCodeWithSpecialCharactersByLength,100,!@#$%^*()_+=-<>?;: 10"/>
  <Workflow Name="generateRandomUpperCaseAlphaNumericCodeWithSpecialCharactersByLength" Value="cmdgen bizRul,generateRandomUpperCaseAlphaNumericCodeWithSpecialCharactersByLength,100,!@#$%^*()_+=-<>?;: 10"/>
  <Workflow Name="generateRandomLowerCaseAlphaNumericCodeWithSpecialCharactersByLength" Value="cmdgen bizRul,generateRandomLowerCaseAlphaNumericCodeWithSpecialCharactersByLength,100,!@#$%^*()_+=-<>?;: 10"/>
  <Workflow Name="generateRandomSpecialCharacterCodeByLength" Value="cmdgen bizRul,generateRandomSpecialCharacterCodeByLength,100,!@#$%^*()_+=-<>?;: 10"/>
  <Workflow Name="generateValidEmaila" Value="cmdgen bizRul,generateValidEmail,100,[True|!#$%^*()_+-=|abcorp1.com] 10"/>
  <Workflow Name="generateInvalidEmaila" Value="cmdgen bizRul,generateInvalidEmail,100,[True|!#$%^*()_+-=|abcorp3.com] 10"/>
  <Workflow Name="generateValidEmailb" Value="cmdgen bizRul,generateValidEmail,100 10"/>
  <Workflow Name="generateInvalidEmailb" Value="cmdgen bizRul,generateInvalidEmail,100 10"/>
  <Workflow Name="stringGeneration" Value="cmdSeq wrkflo,generateRandomMixedCaseTextByLength wrkflo,generateRandomUpperCaseTextByLength wrkflo,generateRandomLowerCaseTextByLength wrkflo,generateRandomMixedCaseTextWithSpecialCharactersByLength wrkflo,generateRandomUpperCaseTextWithSpecialCharactersByLength wrkflo,generateRandomLowerCaseTextWithSpecialCharactersByLength wrkflo,generateRandomMixedCaseAlphaNumericCodeByLength wrkflo,generateRandomUpperCaseAlphaNumericCodeByLength wrkflo,generateRandomLowerCaseAlphaNumericCodeByLength wrkflo,generateRandomNumericCodeByLength wrkflo,generateRandomMixedCaseAlphaNumericCodeWithSpecialCharactersByLength wrkflo,generateRandomUpperCaseAlphaNumericCodeWithSpecialCharactersByLength wrkflo,generateRandomLowerCaseAlphaNumericCodeWithSpecialCharactersByLength wrkflo,generateRandomSpecialCharacterCodeByLength wrkflo,generateValidEmaila wrkflo,generateInvalidEmaila wrkflo,generateValidEmailb wrkflo,generateInvalidEmailb"/>
  <Workflow Name="stringParsingCharacterAndStringGeneration" Value="cmdSeq wrkflo,stringParsing wrkflo,characterGeneration wrkflo,stringGeneration"/>
  <Workflow Name="businessRulesMetrics" Value="cmdSeq brm"/>
  <Workflow Name="commandMetrics" Value="cmdSeq cmdMet"/>
  <Workflow Name="hex2rgbConversion" Value="cmdgen convertColors 1"/>
</CommandWorkflows>
