{
  "debugFiles|debugSetting.executrix.lexical": false,
  "debugFiles|debugSetting.executrix.lexical@ModuleFontStyle": "Bold|Underline",
  "debugFiles|debugSetting.executrix.lexical@FunctionFontStyle": "Bold|Underline",
  "debugFiles|debugSetting.executrix.lexical@MessageFontStyle": "Underline",
  "debugFiles|debugSetting.executrix.lexical@DataFontStyle": "Bold",
  "debugFiles|debugSetting.executrix.lexical@ModuleFontColor": "Red",
  "debugFiles|debugSetting.executrix.lexical@FunctionFontColor": "Red",
  "debugFiles|debugSetting.executrix.lexical@MessageFontColor": "Red",
  "debugFiles|debugSetting.executrix.lexical@DataFontColor": "Yellow",
  "debugFiles|debugSetting.executrix.lexical@ModuleFontBackgroundColor": "100,100,100",
  "debugFiles|debugSetting.executrix.lexical@FunctionFontBackgroundColor": "100,100,100",
  "debugFiles|debugSetting.executrix.lexical@MessageFontBackgroundColor": "100,100,100",
  "debugFiles|debugSetting.executrix.lexical@DataFontBackgroundColor": "Black",
  "debugFunctions|debugSetting.executrix.lexical.parseBusinessRuleArgument": false,
  "debugFunctions|debugSetting.executrix.lexical.parseBusinessRuleArgument@ModuleFontStyle": "Default",
  "debugFunctions|debugSetting.executrix.lexical.parseBusinessRuleArgument@FunctionFontStyle": "Default",
  "debugFunctions|debugSetting.executrix.lexical.parseBusinessRuleArgument@MessageFontStyle": "Default",
  "debugFunctions|debugSetting.executrix.lexical.parseBusinessRuleArgument@DataFontStyle": "Default",
  "debugFunctions|debugSetting.executrix.lexical.parseBusinessRuleArgument@ModuleFontColor": "Default",
  "debugFunctions|debugSetting.executrix.lexical.parseBusinessRuleArgument@FunctionFontColor": "Default",
  "debugFunctions|debugSetting.executrix.lexical.parseBusinessRuleArgument@MessageFontColor": "Default",
  "debugFunctions|debugSetting.executrix.lexical.parseBusinessRuleArgument@DataFontColor": "Default",
  "debugFunctions|debugSetting.executrix.lexical.parseBusinessRuleArgument@ModuleFontBackgroundColor": "Default",
  "debugFunctions|debugSetting.executrix.lexical.parseBusinessRuleArgument@FunctionFontBackgroundColor": "Default",
  "debugFunctions|debugSetting.executrix.lexical.parseBusinessRuleArgument@MessageFontBackgroundColor": "Default",
  "debugFunctions|debugSetting.executrix.lexical.parseBusinessRuleArgument@DataFontBackgroundColor": "Default",
  "debugFunctions|debugSetting.executrix.lexical.analyzeArgument": false,
  "debugFunctions|debugSetting.executrix.lexical.analyzeArgument@ModuleFontStyle": "Default",
  "debugFunctions|debugSetting.executrix.lexical.analyzeArgument@FunctionFontStyle": "Default",
  "debugFunctions|debugSetting.executrix.lexical.analyzeArgument@MessageFontStyle": "Default",
  "debugFunctions|debugSetting.executrix.lexical.analyzeArgument@DataFontStyle": "Default",
  "debugFunctions|debugSetting.executrix.lexical.analyzeArgument@ModuleFontColor": "Default",
  "debugFunctions|debugSetting.executrix.lexical.analyzeArgument@FunctionFontColor": "Default",
  "debugFunctions|debugSetting.executrix.lexical.analyzeArgument@MessageFontColor": "Default",
  "debugFunctions|debugSetting.executrix.lexical.analyzeArgument@DataFontColor": "Default",
  "debugFunctions|debugSetting.executrix.lexical.analyzeArgument@ModuleFontBackgroundColor": "Default",
  "debugFunctions|debugSetting.executrix.lexical.analyzeArgument@FunctionFontBackgroundColor": "Default",
  "debugFunctions|debugSetting.executrix.lexical.analyzeArgument@MessageFontBackgroundColor": "Default",
  "debugFunctions|debugSetting.executrix.lexical.analyzeArgument@DataFontBackgroundColor": "Default",
  "debugFunctions|debugSetting.executrix.lexical.analyzeForRegularExpression": false,
  "debugFunctions|debugSetting.executrix.lexical.analyzeForRegularExpression@ModuleFontStyle": "Default",
  "debugFunctions|debugSetting.executrix.lexical.analyzeForRegularExpression@FunctionFontStyle": "Default",
  "debugFunctions|debugSetting.executrix.lexical.analyzeForRegularExpression@MessageFontStyle": "Default",
  "debugFunctions|debugSetting.executrix.lexical.analyzeForRegularExpression@DataFontStyle": "Default",
  "debugFunctions|debugSetting.executrix.lexical.analyzeForRegularExpression@ModuleFontColor": "Default",
  "debugFunctions|debugSetting.executrix.lexical.analyzeForRegularExpression@FunctionFontColor": "Default",
  "debugFunctions|debugSetting.executrix.lexical.analyzeForRegularExpression@MessageFontColor": "Default",
  "debugFunctions|debugSetting.executrix.lexical.analyzeForRegularExpression@DataFontColor": "Default",
  "debugFunctions|debugSetting.executrix.lexical.analyzeForRegularExpression@ModuleFontBackgroundColor": "Default",
  "debugFunctions|debugSetting.executrix.lexical.analyzeForRegularExpression@FunctionFontBackgroundColor": "Default",
  "debugFunctions|debugSetting.executrix.lexical.analyzeForRegularExpression@MessageFontBackgroundColor": "Default",
  "debugFunctions|debugSetting.executrix.lexical.analyzeForRegularExpression@DataFontBackgroundColor": "Default",
  "debugFunctions|debugSetting.executrix.lexical.parseArgumentAsRegularExpression": false,
  "debugFunctions|debugSetting.executrix.lexical.parseArgumentAsRegularExpression@ModuleFontStyle": "Default",
  "debugFunctions|debugSetting.executrix.lexical.parseArgumentAsRegularExpression@FunctionFontStyle": "Default",
  "debugFunctions|debugSetting.executrix.lexical.parseArgumentAsRegularExpression@MessageFontStyle": "Default",
  "debugFunctions|debugSetting.executrix.lexical.parseArgumentAsRegularExpression@DataFontStyle": "Default",
  "debugFunctions|debugSetting.executrix.lexical.parseArgumentAsRegularExpression@ModuleFontColor": "Default",
  "debugFunctions|debugSetting.executrix.lexical.parseArgumentAsRegularExpression@FunctionFontColor": "Default",
  "debugFunctions|debugSetting.executrix.lexical.parseArgumentAsRegularExpression@MessageFontColor": "Default",
  "debugFunctions|debugSetting.executrix.lexical.parseArgumentAsRegularExpression@DataFontColor": "Default",
  "debugFunctions|debugSetting.executrix.lexical.parseArgumentAsRegularExpression@ModuleFontBackgroundColor": "Default",
  "debugFunctions|debugSetting.executrix.lexical.parseArgumentAsRegularExpression@FunctionFontBackgroundColor": "Default",
  "debugFunctions|debugSetting.executrix.lexical.parseArgumentAsRegularExpression@MessageFontBackgroundColor": "Default",
  "debugFunctions|debugSetting.executrix.lexical.parseArgumentAsRegularExpression@DataFontBackgroundColor": "Default",
  "debugFunctions|debugSetting.executrix.lexical.parseArgumentAsArray": false,
  "debugFunctions|debugSetting.executrix.lexical.parseArgumentAsArray@ModuleFontStyle": "Default",
  "debugFunctions|debugSetting.executrix.lexical.parseArgumentAsArray@FunctionFontStyle": "Default",
  "debugFunctions|debugSetting.executrix.lexical.parseArgumentAsArray@MessageFontStyle": "Default",
  "debugFunctions|debugSetting.executrix.lexical.parseArgumentAsArray@DataFontStyle": "Default",
  "debugFunctions|debugSetting.executrix.lexical.parseArgumentAsArray@ModuleFontColor": "Default",
  "debugFunctions|debugSetting.executrix.lexical.parseArgumentAsArray@FunctionFontColor": "Default",
  "debugFunctions|debugSetting.executrix.lexical.parseArgumentAsArray@MessageFontColor": "Default",
  "debugFunctions|debugSetting.executrix.lexical.parseArgumentAsArray@DataFontColor": "Default",
  "debugFunctions|debugSetting.executrix.lexical.parseArgumentAsArray@ModuleFontBackgroundColor": "Default",
  "debugFunctions|debugSetting.executrix.lexical.parseArgumentAsArray@FunctionFontBackgroundColor": "Default",
  "debugFunctions|debugSetting.executrix.lexical.parseArgumentAsArray@MessageFontBackgroundColor": "Default",
  "debugFunctions|debugSetting.executrix.lexical.parseArgumentAsArray@DataFontBackgroundColor": "Default",
  "debugFunctions|debugSetting.executrix.lexical.removeStringLiteralTagsFromArray": false,
  "debugFunctions|debugSetting.executrix.lexical.removeStringLiteralTagsFromArray@ModuleFontStyle": "Default",
  "debugFunctions|debugSetting.executrix.lexical.removeStringLiteralTagsFromArray@FunctionFontStyle": "Default",
  "debugFunctions|debugSetting.executrix.lexical.removeStringLiteralTagsFromArray@MessageFontStyle": "Default",
  "debugFunctions|debugSetting.executrix.lexical.removeStringLiteralTagsFromArray@DataFontStyle": "Default",
  "debugFunctions|debugSetting.executrix.lexical.removeStringLiteralTagsFromArray@ModuleFontColor": "Default",
  "debugFunctions|debugSetting.executrix.lexical.removeStringLiteralTagsFromArray@FunctionFontColor": "Default",
  "debugFunctions|debugSetting.executrix.lexical.removeStringLiteralTagsFromArray@MessageFontColor": "Default",
  "debugFunctions|debugSetting.executrix.lexical.removeStringLiteralTagsFromArray@DataFontColor": "Default",
  "debugFunctions|debugSetting.executrix.lexical.removeStringLiteralTagsFromArray@ModuleFontBackgroundColor": "Default",
  "debugFunctions|debugSetting.executrix.lexical.removeStringLiteralTagsFromArray@FunctionFontBackgroundColor": "Default",
  "debugFunctions|debugSetting.executrix.lexical.removeStringLiteralTagsFromArray@MessageFontBackgroundColor": "Default",
  "debugFunctions|debugSetting.executrix.lexical.removeStringLiteralTagsFromArray@DataFontBackgroundColor": "Default"
}
