{
  "debugFiles|debugSetting.brokers.dataBroker": false,
  "debugFiles|debugSetting.brokers.dataBroker@ModuleFontStyle": "Bold|Underline",
  "debugFiles|debugSetting.brokers.dataBroker@FunctionFontStyle": "Bold|Underline",
  "debugFiles|debugSetting.brokers.dataBroker@MessageFontStyle": "Underline",
  "debugFiles|debugSetting.brokers.dataBroker@DataFontStyle": "Bold",
  "debugFiles|debugSetting.brokers.dataBroker@ModuleFontColor": "Yellow",
  "debugFiles|debugSetting.brokers.dataBroker@FunctionFontColor": "Yellow",
  "debugFiles|debugSetting.brokers.dataBroker@MessageFontColor": "Yellow",
  "debugFiles|debugSetting.brokers.dataBroker@DataFontColor": "Yellow",
  "debugFiles|debugSetting.brokers.dataBroker@ModuleFontBackgroundColor": "Black",
  "debugFiles|debugSetting.brokers.dataBroker@FunctionFontBackgroundColor": "Black",
  "debugFiles|debugSetting.brokers.dataBroker@MessageFontBackgroundColor": "Black",
  "debugFiles|debugSetting.brokers.dataBroker@DataFontBackgroundColor": "Black",
  "debugFunctions|debugSetting.brokers.dataBroker.scanDataPath": false,
  "debugFunctions|debugSetting.brokers.dataBroker.scanDataPath@ModuleFontStyle": "Default",
  "debugFunctions|debugSetting.brokers.dataBroker.scanDataPath@FunctionFontStyle": "Default",
  "debugFunctions|debugSetting.brokers.dataBroker.scanDataPath@MessageFontStyle": "Default",
  "debugFunctions|debugSetting.brokers.dataBroker.scanDataPath@DataFontStyle": "Default",
  "debugFunctions|debugSetting.brokers.dataBroker.scanDataPath@ModuleFontColor": "Default",
  "debugFunctions|debugSetting.brokers.dataBroker.scanDataPath@FunctionFontColor": "Default",
  "debugFunctions|debugSetting.brokers.dataBroker.scanDataPath@MessageFontColor": "Default",
  "debugFunctions|debugSetting.brokers.dataBroker.scanDataPath@DataFontColor": "Default",
  "debugFunctions|debugSetting.brokers.dataBroker.scanDataPath@ModuleFontBackgroundColor": "Default",
  "debugFunctions|debugSetting.brokers.dataBroker.scanDataPath@FunctionFontBackgroundColor": "Default",
  "debugFunctions|debugSetting.brokers.dataBroker.scanDataPath@MessageFontBackgroundColor": "Default",
  "debugFunctions|debugSetting.brokers.dataBroker.scanDataPath@DataFontBackgroundColor": "Default",
  "debugFunctions|debugSetting.brokers.dataBroker.loadAllCsvData": false,
  "debugFunctions|debugSetting.brokers.dataBroker.loadAllCsvData@ModuleFontStyle": "Default",
  "debugFunctions|debugSetting.brokers.dataBroker.loadAllCsvData@FunctionFontStyle": "Default",
  "debugFunctions|debugSetting.brokers.dataBroker.loadAllCsvData@MessageFontStyle": "Default",
  "debugFunctions|debugSetting.brokers.dataBroker.loadAllCsvData@DataFontStyle": "Default",
  "debugFunctions|debugSetting.brokers.dataBroker.loadAllCsvData@ModuleFontColor": "Default",
  "debugFunctions|debugSetting.brokers.dataBroker.loadAllCsvData@FunctionFontColor": "Default",
  "debugFunctions|debugSetting.brokers.dataBroker.loadAllCsvData@MessageFontColor": "Default",
  "debugFunctions|debugSetting.brokers.dataBroker.loadAllCsvData@DataFontColor": "Default",
  "debugFunctions|debugSetting.brokers.dataBroker.loadAllCsvData@ModuleFontBackgroundColor": "Default",
  "debugFunctions|debugSetting.brokers.dataBroker.loadAllCsvData@FunctionFontBackgroundColor": "Default",
  "debugFunctions|debugSetting.brokers.dataBroker.loadAllCsvData@MessageFontBackgroundColor": "Default",
  "debugFunctions|debugSetting.brokers.dataBroker.loadAllCsvData@DataFontBackgroundColor": "Default",
  "debugFunctions|debugSetting.brokers.dataBroker.loadAllXmlData": false,
  "debugFunctions|debugSetting.brokers.dataBroker.loadAllXmlData@ModuleFontStyle": "Default",
  "debugFunctions|debugSetting.brokers.dataBroker.loadAllXmlData@FunctionFontStyle": "Default",
  "debugFunctions|debugSetting.brokers.dataBroker.loadAllXmlData@MessageFontStyle": "Default",
  "debugFunctions|debugSetting.brokers.dataBroker.loadAllXmlData@DataFontStyle": "Default",
  "debugFunctions|debugSetting.brokers.dataBroker.loadAllXmlData@ModuleFontColor": "Default",
  "debugFunctions|debugSetting.brokers.dataBroker.loadAllXmlData@FunctionFontColor": "Default",
  "debugFunctions|debugSetting.brokers.dataBroker.loadAllXmlData@MessageFontColor": "Default",
  "debugFunctions|debugSetting.brokers.dataBroker.loadAllXmlData@DataFontColor": "Default",
  "debugFunctions|debugSetting.brokers.dataBroker.loadAllXmlData@ModuleFontBackgroundColor": "Default",
  "debugFunctions|debugSetting.brokers.dataBroker.loadAllXmlData@FunctionFontBackgroundColor": "Default",
  "debugFunctions|debugSetting.brokers.dataBroker.loadAllXmlData@MessageFontBackgroundColor": "Default",
  "debugFunctions|debugSetting.brokers.dataBroker.loadAllXmlData@DataFontBackgroundColor": "Default",
  "debugFunctions|debugSetting.brokers.dataBroker.loadAllJsonData": false,
  "debugFunctions|debugSetting.brokers.dataBroker.loadAllJsonData@ModuleFontStyle": "Default",
  "debugFunctions|debugSetting.brokers.dataBroker.loadAllJsonData@FunctionFontStyle": "Default",
  "debugFunctions|debugSetting.brokers.dataBroker.loadAllJsonData@MessageFontStyle": "Default",
  "debugFunctions|debugSetting.brokers.dataBroker.loadAllJsonData@DataFontStyle": "Default",
  "debugFunctions|debugSetting.brokers.dataBroker.loadAllJsonData@ModuleFontColor": "Default",
  "debugFunctions|debugSetting.brokers.dataBroker.loadAllJsonData@FunctionFontColor": "Default",
  "debugFunctions|debugSetting.brokers.dataBroker.loadAllJsonData@MessageFontColor": "Default",
  "debugFunctions|debugSetting.brokers.dataBroker.loadAllJsonData@DataFontColor": "Default",
  "debugFunctions|debugSetting.brokers.dataBroker.loadAllJsonData@ModuleFontBackgroundColor": "Default",
  "debugFunctions|debugSetting.brokers.dataBroker.loadAllJsonData@FunctionFontBackgroundColor": "Default",
  "debugFunctions|debugSetting.brokers.dataBroker.loadAllJsonData@MessageFontBackgroundColor": "Default",
  "debugFunctions|debugSetting.brokers.dataBroker.loadAllJsonData@DataFontBackgroundColor": "Default",
  "debugFunctions|debugSetting.brokers.dataBroker.processCsvData": false,
  "debugFunctions|debugSetting.brokers.dataBroker.processCsvData@ModuleFontStyle": "Default",
  "debugFunctions|debugSetting.brokers.dataBroker.processCsvData@FunctionFontStyle": "Default",
  "debugFunctions|debugSetting.brokers.dataBroker.processCsvData@MessageFontStyle": "Default",
  "debugFunctions|debugSetting.brokers.dataBroker.processCsvData@DataFontStyle": "Default",
  "debugFunctions|debugSetting.brokers.dataBroker.processCsvData@ModuleFontColor": "Default",
  "debugFunctions|debugSetting.brokers.dataBroker.processCsvData@FunctionFontColor": "Default",
  "debugFunctions|debugSetting.brokers.dataBroker.processCsvData@MessageFontColor": "Default",
  "debugFunctions|debugSetting.brokers.dataBroker.processCsvData@DataFontColor": "Default",
  "debugFunctions|debugSetting.brokers.dataBroker.processCsvData@ModuleFontBackgroundColor": "Default",
  "debugFunctions|debugSetting.brokers.dataBroker.processCsvData@FunctionFontBackgroundColor": "Default",
  "debugFunctions|debugSetting.brokers.dataBroker.processCsvData@MessageFontBackgroundColor": "Default",
  "debugFunctions|debugSetting.brokers.dataBroker.processCsvData@DataFontBackgroundColor": "Default",
  "debugFunctions|debugSetting.brokers.dataBroker.processXmlData": false,
  "debugFunctions|debugSetting.brokers.dataBroker.processXmlData@ModuleFontStyle": "Default",
  "debugFunctions|debugSetting.brokers.dataBroker.processXmlData@FunctionFontStyle": "Default",
  "debugFunctions|debugSetting.brokers.dataBroker.processXmlData@MessageFontStyle": "Default",
  "debugFunctions|debugSetting.brokers.dataBroker.processXmlData@DataFontStyle": "Default",
  "debugFunctions|debugSetting.brokers.dataBroker.processXmlData@ModuleFontColor": "Default",
  "debugFunctions|debugSetting.brokers.dataBroker.processXmlData@FunctionFontColor": "Default",
  "debugFunctions|debugSetting.brokers.dataBroker.processXmlData@MessageFontColor": "Default",
  "debugFunctions|debugSetting.brokers.dataBroker.processXmlData@DataFontColor": "Default",
  "debugFunctions|debugSetting.brokers.dataBroker.processXmlData@ModuleFontBackgroundColor": "Default",
  "debugFunctions|debugSetting.brokers.dataBroker.processXmlData@FunctionFontBackgroundColor": "Default",
  "debugFunctions|debugSetting.brokers.dataBroker.processXmlData@MessageFontBackgroundColor": "Default",
  "debugFunctions|debugSetting.brokers.dataBroker.processXmlData@DataFontBackgroundColor": "Default",
  "debugFunctions|debugSetting.brokers.dataBroker.preprocessJsonFile": false,
  "debugFunctions|debugSetting.brokers.dataBroker.preprocessJsonFile@ModuleFontStyle": "Default",
  "debugFunctions|debugSetting.brokers.dataBroker.preprocessJsonFile@FunctionFontStyle": "Default",
  "debugFunctions|debugSetting.brokers.dataBroker.preprocessJsonFile@MessageFontStyle": "Default",
  "debugFunctions|debugSetting.brokers.dataBroker.preprocessJsonFile@DataFontStyle": "Default",
  "debugFunctions|debugSetting.brokers.dataBroker.preprocessJsonFile@ModuleFontColor": "Default",
  "debugFunctions|debugSetting.brokers.dataBroker.preprocessJsonFile@FunctionFontColor": "Default",
  "debugFunctions|debugSetting.brokers.dataBroker.preprocessJsonFile@MessageFontColor": "Default",
  "debugFunctions|debugSetting.brokers.dataBroker.preprocessJsonFile@DataFontColor": "Default",
  "debugFunctions|debugSetting.brokers.dataBroker.preprocessJsonFile@ModuleFontBackgroundColor": "Default",
  "debugFunctions|debugSetting.brokers.dataBroker.preprocessJsonFile@FunctionFontBackgroundColor": "Default",
  "debugFunctions|debugSetting.brokers.dataBroker.preprocessJsonFile@MessageFontBackgroundColor": "Default",
  "debugFunctions|debugSetting.brokers.dataBroker.preprocessJsonFile@DataFontBackgroundColor": "Default",
  "debugFunctions|debugSetting.brokers.dataBroker.writeJsonDataToFile": true,
  "debugFunctions|debugSetting.brokers.dataBroker.writeJsonDataToFile@ModuleFontStyle": "Default",
  "debugFunctions|debugSetting.brokers.dataBroker.writeJsonDataToFile@FunctionFontStyle": "Default",
  "debugFunctions|debugSetting.brokers.dataBroker.writeJsonDataToFile@MessageFontStyle": "Default",
  "debugFunctions|debugSetting.brokers.dataBroker.writeJsonDataToFile@DataFontStyle": "Default",
  "debugFunctions|debugSetting.brokers.dataBroker.writeJsonDataToFile@ModuleFontColor": "Default",
  "debugFunctions|debugSetting.brokers.dataBroker.writeJsonDataToFile@FunctionFontColor": "Default",
  "debugFunctions|debugSetting.brokers.dataBroker.writeJsonDataToFile@MessageFontColor": "Default",
  "debugFunctions|debugSetting.brokers.dataBroker.writeJsonDataToFile@DataFontColor": "Default",
  "debugFunctions|debugSetting.brokers.dataBroker.writeJsonDataToFile@ModuleFontBackgroundColor": "Default",
  "debugFunctions|debugSetting.brokers.dataBroker.writeJsonDataToFile@FunctionFontBackgroundColor": "Default",
  "debugFunctions|debugSetting.brokers.dataBroker.writeJsonDataToFile@MessageFontBackgroundColor": "Default",
  "debugFunctions|debugSetting.brokers.dataBroker.writeJsonDataToFile@DataFontBackgroundColor": "Default",
  "debugFunctions|debugSetting.brokers.dataBroker.setupDataStorage": false,
  "debugFunctions|debugSetting.brokers.dataBroker.setupDataStorage@ModuleFontStyle": "Default",
  "debugFunctions|debugSetting.brokers.dataBroker.setupDataStorage@FunctionFontStyle": "Default",
  "debugFunctions|debugSetting.brokers.dataBroker.setupDataStorage@MessageFontStyle": "Default",
  "debugFunctions|debugSetting.brokers.dataBroker.setupDataStorage@DataFontStyle": "Default",
  "debugFunctions|debugSetting.brokers.dataBroker.setupDataStorage@ModuleFontColor": "Default",
  "debugFunctions|debugSetting.brokers.dataBroker.setupDataStorage@FunctionFontColor": "Default",
  "debugFunctions|debugSetting.brokers.dataBroker.setupDataStorage@MessageFontColor": "Default",
  "debugFunctions|debugSetting.brokers.dataBroker.setupDataStorage@DataFontColor": "Default",
  "debugFunctions|debugSetting.brokers.dataBroker.setupDataStorage@ModuleFontBackgroundColor": "Default",
  "debugFunctions|debugSetting.brokers.dataBroker.setupDataStorage@FunctionFontBackgroundColor": "Default",
  "debugFunctions|debugSetting.brokers.dataBroker.setupDataStorage@MessageFontBackgroundColor": "Default",
  "debugFunctions|debugSetting.brokers.dataBroker.setupDataStorage@DataFontBackgroundColor": "Default",
  "debugFunctions|debugSetting.brokers.dataBroker.storeData": false,
  "debugFunctions|debugSetting.brokers.dataBroker.storeData@ModuleFontStyle": "Default",
  "debugFunctions|debugSetting.brokers.dataBroker.storeData@FunctionFontStyle": "Default",
  "debugFunctions|debugSetting.brokers.dataBroker.storeData@MessageFontStyle": "Default",
  "debugFunctions|debugSetting.brokers.dataBroker.storeData@DataFontStyle": "Default",
  "debugFunctions|debugSetting.brokers.dataBroker.storeData@ModuleFontColor": "Default",
  "debugFunctions|debugSetting.brokers.dataBroker.storeData@FunctionFontColor": "Default",
  "debugFunctions|debugSetting.brokers.dataBroker.storeData@MessageFontColor": "Default",
  "debugFunctions|debugSetting.brokers.dataBroker.storeData@DataFontColor": "Default",
  "debugFunctions|debugSetting.brokers.dataBroker.storeData@ModuleFontBackgroundColor": "Default",
  "debugFunctions|debugSetting.brokers.dataBroker.storeData@FunctionFontBackgroundColor": "Default",
  "debugFunctions|debugSetting.brokers.dataBroker.storeData@MessageFontBackgroundColor": "Default",
  "debugFunctions|debugSetting.brokers.dataBroker.storeData@DataFontBackgroundColor": "Default",
  "debugFunctions|debugSetting.brokers.dataBroker.getData": false,
  "debugFunctions|debugSetting.brokers.dataBroker.getData@ModuleFontStyle": "Default",
  "debugFunctions|debugSetting.brokers.dataBroker.getData@FunctionFontStyle": "Default",
  "debugFunctions|debugSetting.brokers.dataBroker.getData@MessageFontStyle": "Default",
  "debugFunctions|debugSetting.brokers.dataBroker.getData@DataFontStyle": "Default",
  "debugFunctions|debugSetting.brokers.dataBroker.getData@ModuleFontColor": "Default",
  "debugFunctions|debugSetting.brokers.dataBroker.getData@FunctionFontColor": "Default",
  "debugFunctions|debugSetting.brokers.dataBroker.getData@MessageFontColor": "Default",
  "debugFunctions|debugSetting.brokers.dataBroker.getData@DataFontColor": "Default",
  "debugFunctions|debugSetting.brokers.dataBroker.getData@ModuleFontBackgroundColor": "Default",
  "debugFunctions|debugSetting.brokers.dataBroker.getData@FunctionFontBackgroundColor": "Default",
  "debugFunctions|debugSetting.brokers.dataBroker.getData@MessageFontBackgroundColor": "Default",
  "debugFunctions|debugSetting.brokers.dataBroker.getData@DataFontBackgroundColor": "Default",
  "debugFunctions|debugSetting.brokers.dataBroker.clearData": false,
  "debugFunctions|debugSetting.brokers.dataBroker.clearData@ModuleFontStyle": "Default",
  "debugFunctions|debugSetting.brokers.dataBroker.clearData@FunctionFontStyle": "Default",
  "debugFunctions|debugSetting.brokers.dataBroker.clearData@MessageFontStyle": "Default",
  "debugFunctions|debugSetting.brokers.dataBroker.clearData@DataFontStyle": "Default",
  "debugFunctions|debugSetting.brokers.dataBroker.clearData@ModuleFontColor": "Default",
  "debugFunctions|debugSetting.brokers.dataBroker.clearData@FunctionFontColor": "Default",
  "debugFunctions|debugSetting.brokers.dataBroker.clearData@MessageFontColor": "Default",
  "debugFunctions|debugSetting.brokers.dataBroker.clearData@DataFontColor": "Default",
  "debugFunctions|debugSetting.brokers.dataBroker.clearData@ModuleFontBackgroundColor": "Default",
  "debugFunctions|debugSetting.brokers.dataBroker.clearData@FunctionFontBackgroundColor": "Default",
  "debugFunctions|debugSetting.brokers.dataBroker.clearData@MessageFontBackgroundColor": "Default",
  "debugFunctions|debugSetting.brokers.dataBroker.clearData@DataFontBackgroundColor": "Default",
  "debugFunctions|debugSetting.brokers.dataBroker.initializeConstantsValidationData": false,
  "debugFunctions|debugSetting.brokers.dataBroker.initializeConstantsValidationData@ModuleFontStyle": "Default",
  "debugFunctions|debugSetting.brokers.dataBroker.initializeConstantsValidationData@FunctionFontStyle": "Default",
  "debugFunctions|debugSetting.brokers.dataBroker.initializeConstantsValidationData@MessageFontStyle": "Default",
  "debugFunctions|debugSetting.brokers.dataBroker.initializeConstantsValidationData@DataFontStyle": "Default",
  "debugFunctions|debugSetting.brokers.dataBroker.initializeConstantsValidationData@ModuleFontColor": "Default",
  "debugFunctions|debugSetting.brokers.dataBroker.initializeConstantsValidationData@FunctionFontColor": "Default",
  "debugFunctions|debugSetting.brokers.dataBroker.initializeConstantsValidationData@MessageFontColor": "Default",
  "debugFunctions|debugSetting.brokers.dataBroker.initializeConstantsValidationData@DataFontColor": "Default",
  "debugFunctions|debugSetting.brokers.dataBroker.initializeConstantsValidationData@ModuleFontBackgroundColor": "Default",
  "debugFunctions|debugSetting.brokers.dataBroker.initializeConstantsValidationData@FunctionFontBackgroundColor": "Default",
  "debugFunctions|debugSetting.brokers.dataBroker.initializeConstantsValidationData@MessageFontBackgroundColor": "Default",
  "debugFunctions|debugSetting.brokers.dataBroker.initializeConstantsValidationData@DataFontBackgroundColor": "Default",
  "debugFunctions|debugSetting.brokers.dataBroker.addConstantsValidationData": false,
  "debugFunctions|debugSetting.brokers.dataBroker.addConstantsValidationData@ModuleFontStyle": "Default",
  "debugFunctions|debugSetting.brokers.dataBroker.addConstantsValidationData@FunctionFontStyle": "Default",
  "debugFunctions|debugSetting.brokers.dataBroker.addConstantsValidationData@MessageFontStyle": "Default",
  "debugFunctions|debugSetting.brokers.dataBroker.addConstantsValidationData@DataFontStyle": "Default",
  "debugFunctions|debugSetting.brokers.dataBroker.addConstantsValidationData@ModuleFontColor": "Default",
  "debugFunctions|debugSetting.brokers.dataBroker.addConstantsValidationData@FunctionFontColor": "Default",
  "debugFunctions|debugSetting.brokers.dataBroker.addConstantsValidationData@MessageFontColor": "Default",
  "debugFunctions|debugSetting.brokers.dataBroker.addConstantsValidationData@DataFontColor": "Default",
  "debugFunctions|debugSetting.brokers.dataBroker.addConstantsValidationData@ModuleFontBackgroundColor": "Default",
  "debugFunctions|debugSetting.brokers.dataBroker.addConstantsValidationData@FunctionFontBackgroundColor": "Default",
  "debugFunctions|debugSetting.brokers.dataBroker.addConstantsValidationData@MessageFontBackgroundColor": "Default",
  "debugFunctions|debugSetting.brokers.dataBroker.addConstantsValidationData@DataFontBackgroundColor": "Default",
  "debugFunctions|debugSetting.brokers.dataBroker.addDeeplyNestedConstantsValidationData": false,
  "debugFunctions|debugSetting.brokers.dataBroker.addDeeplyNestedConstantsValidationData@ModuleFontStyle": "Default",
  "debugFunctions|debugSetting.brokers.dataBroker.addDeeplyNestedConstantsValidationData@FunctionFontStyle": "Default",
  "debugFunctions|debugSetting.brokers.dataBroker.addDeeplyNestedConstantsValidationData@MessageFontStyle": "Default",
  "debugFunctions|debugSetting.brokers.dataBroker.addDeeplyNestedConstantsValidationData@DataFontStyle": "Default",
  "debugFunctions|debugSetting.brokers.dataBroker.addDeeplyNestedConstantsValidationData@ModuleFontColor": "Default",
  "debugFunctions|debugSetting.brokers.dataBroker.addDeeplyNestedConstantsValidationData@FunctionFontColor": "Default",
  "debugFunctions|debugSetting.brokers.dataBroker.addDeeplyNestedConstantsValidationData@MessageFontColor": "Default",
  "debugFunctions|debugSetting.brokers.dataBroker.addDeeplyNestedConstantsValidationData@DataFontColor": "Default",
  "debugFunctions|debugSetting.brokers.dataBroker.addDeeplyNestedConstantsValidationData@ModuleFontBackgroundColor": "Default",
  "debugFunctions|debugSetting.brokers.dataBroker.addDeeplyNestedConstantsValidationData@FunctionFontBackgroundColor": "Default",
  "debugFunctions|debugSetting.brokers.dataBroker.addDeeplyNestedConstantsValidationData@MessageFontBackgroundColor": "Default",
  "debugFunctions|debugSetting.brokers.dataBroker.addDeeplyNestedConstantsValidationData@DataFontBackgroundColor": "Default",
  "debugFunctions|debugSetting.brokers.dataBroker.getDataCatagoryFromContextName": false,
  "debugFunctions|debugSetting.brokers.dataBroker.getDataCatagoryFromContextName@ModuleFontStyle": "Default",
  "debugFunctions|debugSetting.brokers.dataBroker.getDataCatagoryFromContextName@FunctionFontStyle": "Default",
  "debugFunctions|debugSetting.brokers.dataBroker.getDataCatagoryFromContextName@MessageFontStyle": "Default",
  "debugFunctions|debugSetting.brokers.dataBroker.getDataCatagoryFromContextName@DataFontStyle": "Default",
  "debugFunctions|debugSetting.brokers.dataBroker.getDataCatagoryFromContextName@ModuleFontColor": "Default",
  "debugFunctions|debugSetting.brokers.dataBroker.getDataCatagoryFromContextName@FunctionFontColor": "Default",
  "debugFunctions|debugSetting.brokers.dataBroker.getDataCatagoryFromContextName@MessageFontColor": "Default",
  "debugFunctions|debugSetting.brokers.dataBroker.getDataCatagoryFromContextName@DataFontColor": "Default",
  "debugFunctions|debugSetting.brokers.dataBroker.getDataCatagoryFromContextName@ModuleFontBackgroundColor": "Default",
  "debugFunctions|debugSetting.brokers.dataBroker.getDataCatagoryFromContextName@FunctionFontBackgroundColor": "Default",
  "debugFunctions|debugSetting.brokers.dataBroker.getDataCatagoryFromContextName@MessageFontBackgroundColor": "Default",
  "debugFunctions|debugSetting.brokers.dataBroker.getDataCatagoryFromContextName@DataFontBackgroundColor": "Default",
  "debugFunctions|debugSetting.brokers.dataBroker.getDataCatagoryDetailNameFromContextName": false,
  "debugFunctions|debugSetting.brokers.dataBroker.getDataCatagoryDetailNameFromContextName@ModuleFontStyle": "Default",
  "debugFunctions|debugSetting.brokers.dataBroker.getDataCatagoryDetailNameFromContextName@FunctionFontStyle": "Default",
  "debugFunctions|debugSetting.brokers.dataBroker.getDataCatagoryDetailNameFromContextName@MessageFontStyle": "Default",
  "debugFunctions|debugSetting.brokers.dataBroker.getDataCatagoryDetailNameFromContextName@DataFontStyle": "Default",
  "debugFunctions|debugSetting.brokers.dataBroker.getDataCatagoryDetailNameFromContextName@ModuleFontColor": "Default",
  "debugFunctions|debugSetting.brokers.dataBroker.getDataCatagoryDetailNameFromContextName@FunctionFontColor": "Default",
  "debugFunctions|debugSetting.brokers.dataBroker.getDataCatagoryDetailNameFromContextName@MessageFontColor": "Default",
  "debugFunctions|debugSetting.brokers.dataBroker.getDataCatagoryDetailNameFromContextName@DataFontColor": "Default",
  "debugFunctions|debugSetting.brokers.dataBroker.getDataCatagoryDetailNameFromContextName@ModuleFontBackgroundColor": "Default",
  "debugFunctions|debugSetting.brokers.dataBroker.getDataCatagoryDetailNameFromContextName@FunctionFontBackgroundColor": "Default",
  "debugFunctions|debugSetting.brokers.dataBroker.getDataCatagoryDetailNameFromContextName@MessageFontBackgroundColor": "Default",
  "debugFunctions|debugSetting.brokers.dataBroker.getDataCatagoryDetailNameFromContextName@DataFontBackgroundColor": "Default",
  "debugFunctions|debugSetting.brokers.dataBroker.extractDataFromPapaParseObject": false,
  "debugFunctions|debugSetting.brokers.dataBroker.extractDataFromPapaParseObject@ModuleFontStyle": "Default",
  "debugFunctions|debugSetting.brokers.dataBroker.extractDataFromPapaParseObject@FunctionFontStyle": "Default",
  "debugFunctions|debugSetting.brokers.dataBroker.extractDataFromPapaParseObject@MessageFontStyle": "Default",
  "debugFunctions|debugSetting.brokers.dataBroker.extractDataFromPapaParseObject@DataFontStyle": "Default",
  "debugFunctions|debugSetting.brokers.dataBroker.extractDataFromPapaParseObject@ModuleFontColor": "Default",
  "debugFunctions|debugSetting.brokers.dataBroker.extractDataFromPapaParseObject@FunctionFontColor": "Default",
  "debugFunctions|debugSetting.brokers.dataBroker.extractDataFromPapaParseObject@MessageFontColor": "Default",
  "debugFunctions|debugSetting.brokers.dataBroker.extractDataFromPapaParseObject@DataFontColor": "Default",
  "debugFunctions|debugSetting.brokers.dataBroker.extractDataFromPapaParseObject@ModuleFontBackgroundColor": "Default",
  "debugFunctions|debugSetting.brokers.dataBroker.extractDataFromPapaParseObject@FunctionFontBackgroundColor": "Default",
  "debugFunctions|debugSetting.brokers.dataBroker.extractDataFromPapaParseObject@MessageFontBackgroundColor": "Default",
  "debugFunctions|debugSetting.brokers.dataBroker.extractDataFromPapaParseObject@DataFontBackgroundColor": "Default",
  "debugFunctions|debugSetting.brokers.dataBroker.mergeData": false,
  "debugFunctions|debugSetting.brokers.dataBroker.mergeData@ModuleFontStyle": "Default",
  "debugFunctions|debugSetting.brokers.dataBroker.mergeData@FunctionFontStyle": "Default",
  "debugFunctions|debugSetting.brokers.dataBroker.mergeData@MessageFontStyle": "Default",
  "debugFunctions|debugSetting.brokers.dataBroker.mergeData@DataFontStyle": "Default",
  "debugFunctions|debugSetting.brokers.dataBroker.mergeData@ModuleFontColor": "Default",
  "debugFunctions|debugSetting.brokers.dataBroker.mergeData@FunctionFontColor": "Default",
  "debugFunctions|debugSetting.brokers.dataBroker.mergeData@MessageFontColor": "Default",
  "debugFunctions|debugSetting.brokers.dataBroker.mergeData@DataFontColor": "Default",
  "debugFunctions|debugSetting.brokers.dataBroker.mergeData@ModuleFontBackgroundColor": "Default",
  "debugFunctions|debugSetting.brokers.dataBroker.mergeData@FunctionFontBackgroundColor": "Default",
  "debugFunctions|debugSetting.brokers.dataBroker.mergeData@MessageFontBackgroundColor": "Default",
  "debugFunctions|debugSetting.brokers.dataBroker.mergeData@DataFontBackgroundColor": "Default",
  "debugFunctions|debugSetting.brokers.dataBroker.getDataElement": false,
  "debugFunctions|debugSetting.brokers.dataBroker.getDataElement@ModuleFontStyle": "Default",
  "debugFunctions|debugSetting.brokers.dataBroker.getDataElement@FunctionFontStyle": "Default",
  "debugFunctions|debugSetting.brokers.dataBroker.getDataElement@MessageFontStyle": "Default",
  "debugFunctions|debugSetting.brokers.dataBroker.getDataElement@DataFontStyle": "Default",
  "debugFunctions|debugSetting.brokers.dataBroker.getDataElement@ModuleFontColor": "Default",
  "debugFunctions|debugSetting.brokers.dataBroker.getDataElement@FunctionFontColor": "Default",
  "debugFunctions|debugSetting.brokers.dataBroker.getDataElement@MessageFontColor": "Default",
  "debugFunctions|debugSetting.brokers.dataBroker.getDataElement@DataFontColor": "Default",
  "debugFunctions|debugSetting.brokers.dataBroker.getDataElement@ModuleFontBackgroundColor": "Default",
  "debugFunctions|debugSetting.brokers.dataBroker.getDataElement@FunctionFontBackgroundColor": "Default",
  "debugFunctions|debugSetting.brokers.dataBroker.getDataElement@MessageFontBackgroundColor": "Default",
  "debugFunctions|debugSetting.brokers.dataBroker.getDataElement@DataFontBackgroundColor": "Default",
  "debugFunctions|debugSetting.brokers.dataBroker.getDataElementCount": false,
  "debugFunctions|debugSetting.brokers.dataBroker.getDataElementCount@ModuleFontStyle": "Default",
  "debugFunctions|debugSetting.brokers.dataBroker.getDataElementCount@FunctionFontStyle": "Default",
  "debugFunctions|debugSetting.brokers.dataBroker.getDataElementCount@MessageFontStyle": "Default",
  "debugFunctions|debugSetting.brokers.dataBroker.getDataElementCount@DataFontStyle": "Default",
  "debugFunctions|debugSetting.brokers.dataBroker.getDataElementCount@ModuleFontColor": "Default",
  "debugFunctions|debugSetting.brokers.dataBroker.getDataElementCount@FunctionFontColor": "Default",
  "debugFunctions|debugSetting.brokers.dataBroker.getDataElementCount@MessageFontColor": "Default",
  "debugFunctions|debugSetting.brokers.dataBroker.getDataElementCount@DataFontColor": "Default",
  "debugFunctions|debugSetting.brokers.dataBroker.getDataElementCount@ModuleFontBackgroundColor": "Default",
  "debugFunctions|debugSetting.brokers.dataBroker.getDataElementCount@FunctionFontBackgroundColor": "Default",
  "debugFunctions|debugSetting.brokers.dataBroker.getDataElementCount@MessageFontBackgroundColor": "Default",
  "debugFunctions|debugSetting.brokers.dataBroker.getDataElementCount@DataFontBackgroundColor": "Default"
}
