<?xml version="1.0" encoding="UTF-8"?><CommandWorkflows>
  <businessRules>
    <stringParsing>
      <fileStringParsing>
        <Workflow Name="getFileNameFromPath" Value="cmdgen bizRul,getFileNameFromPath,C:\NodeJS-App\src\Application\NodeJS-App\application.js 4"/>
        <Workflow Name="getFileExtension" Value="cmdgen bizRul,getFileExtension,C:\NodeJS-App\src\Application\NodeJS-App\application.js 4"/>
        <Workflow Name="removeDotFromFileExtension" Value="cmdgen bizRul,removeDotFromFileExtension,.exe 4"/>
        <Workflow Name="removeFileExtensionFromFileName" Value="cmdgen bizRul,removeFileExtensionFromFileName,application.js 4"/>
        <Workflow Name="ascertainMatchingFilenames" Value="cmdgen bizRul,ascertainMatchingFilenames,C:\haystacks\test\resources\configuration\configuration.json,C:\haystacks\src\executrix\lexical.js 4"/>
        <Workflow Name="removeXnumberOfFoldersFromEndOfPath" Value="cmdgen bizRul,removeXnumberOfFoldersFromEndOfPath,C:\haystacks\src\commandsBlob\commands,2 4"/>
        <Workflow Name="getFirstTopLevelFolderFromPath" Value="cmdgen bizRul,getFirstTopLevelFolderFromPath,C:\haystacks\src\commandsBlob\commands\ 4"/>
        <Workflow Name="fileStringParsing" Value="cmdSeq wrkflo,getFileNameFromPath wrkflo,getFileExtension wrkflo,removeDotFromFileExtension wrkflo,removeFileExtensionFromFileName wrkflo,ascertainMatchingFilenames wrkflo,removeXnumberOfFoldersFromEndOfPath wrkflo,getFirstTopLevelFolderFromPath"/>
      </fileStringParsing>
    </stringParsing>
  </businessRules>
</CommandWorkflows>
